証券コード,銘柄名,33業種区分,データ日付
1301,極洋,水産・農林業,20260930
130A,Ｖｅｒｉｔａｓ　Ｉｎ　Ｓｉｌｉｃｏ,医薬品,20260930
131A,ＣＣＮグループ,情報・通信業,20260930
132A,アイエヌホールディングス,陸運業,20260930
1332,ニッスイ,水産・農林業,20260930
1333,Ｕｍｉｏｓ,水産・農林業,20260930
134A,アプライズ,サービス業,20260930
135A,ＶＲＡＩＮ　Ｓｏｌｕｔｉｏｎ,情報・通信業,20260930
1375,ユキグニファクトリー,水産・農林業,20260930
1376,カネコ種苗,水産・農林業,20260930
1377,サカタのタネ,水産・農林業,20260930
1379,ホクト,水産・農林業,20260930
137A,Ｃｏｃｏｌｉｖｅ,情報・通信業,20260930
1380,秋川牧園,水産・農林業,20260930
1381,アクシーズ,水産・農林業,20260930
1382,ホーブ,水産・農林業,20260930
1383,ベルグアース,水産・農林業,20260930
1384,ホクリヨウ,水産・農林業,20260930
138A,光フードサービス,小売業,20260930
139A,東日本地所,不動産業,20260930
1401,エムビーエス,建設業,20260930
1407,ウエストホールディングス,建設業,20260930
1414,ショーボンドホールディングス,建設業,20260930
1417,ミライト・ワン,建設業,20260930
1418,インターライフホールディングス,建設業,20260930
1419,タマホーム,建設業,20260930
141A,トライアルホールディングス,小売業,20260930
1420,サンヨーホームズ,建設業,20260930
1429,日本アクア,建設業,20260930
142A,ジンジブ,サービス業,20260930
1430,ファーストコーポレーション,建設業,20260930
1431,Ｌｉｂ　Ｗｏｒｋ,建設業,20260930
1432,動力,建設業,20260930
1433,ベステラ,建設業,20260930
1434,ＪＥＳＣＯホールディングス,建設業,20260930
1435,ｒｏｂｏｔ　ｈｏｍｅ,不動産業,20260930
1436,グリーンエナジー＆カンパニー,建設業,20260930
1438,岐阜造園,建設業,20260930
143A,イシン,サービス業,20260930
1443,技研ホールディングス,建設業,20260930
1444,ニッソウ,建設業,20260930
1445,ひかりホールディングス,建設業,20260930
1446,キャンディル,建設業,20260930
1447,ＳＡＡＦホールディングス,建設業,20260930
144A,エネルギーパワー,建設業,20260930
1450,ＴＡＮＡＫＥＮ,建設業,20260930
1452,横浜ライト工業,建設業,20260930
145A,Ｌ　ｉｓ　Ｂ,情報・通信業,20260930
146A,コロンビア・ワークス,不動産業,20260930
147A,ソラコム,情報・通信業,20260930
148A,ハッチ・ワーク,情報・通信業,20260930
1491,中外鉱業,非鉄金属,20260930
149A,シンカ,情報・通信業,20260930
150A,ＪＳＨ,サービス業,20260930
1514,住石ホールディングス,鉱業,20260930
1515,日鉄鉱業,鉱業,20260930
1518,三井松島ホールディングス,その他製品,20260930
151A,ダイブグループ,サービス業,20260930
152A,オプティ,卸売業,20260930
153A,カウリス,情報・通信業,20260930
154A,ＧＡＩＡ,その他金融業,20260930
155A,情報戦略テクノロジー,情報・通信業,20260930
156A,マテリアルグループ,サービス業,20260930
157A,グリーンモンスター,サービス業,20260930
158A,エクセリ,小売業,20260930
1605,ＩＮＰＥＸ,鉱業,20260930
160A,アズパートナーズ,サービス業,20260930
161A,三葉,サービス業,20260930
164A,アップルパーク,不動産業,20260930
1662,石油資源開発,鉱業,20260930
1663,Ｋ＆Ｏエナジーグループ,鉱業,20260930
166A,タスキホールディングス,不動産業,20260930
167A,リョーサン菱洋ホールディングス,卸売業,20260930
168A,イタミアート,その他製品,20260930
1711,ＳＤＳホールディングス,建設業,20260930
1716,第一カッター興業,建設業,20260930
1717,明豊ファシリティワークス,サービス業,20260930
1718,美樹工業,建設業,20260930
1719,安藤・間,建設業,20260930
171A,ゼロジャパン,卸売業,20260930
1720,東急建設,建設業,20260930
1721,コムシスホールディングス,建設業,20260930
1723,日本電技,建設業,20260930
1724,シンクレイヤ,建設業,20260930
172A,ネオホーム,不動産業,20260930
1736,オーテック,建設業,20260930
173A,ハンモック,情報・通信業,20260930
1758,太洋基礎工業,建設業,20260930
175A,Ｗｉｌｌ　Ｓｍａｒｔ,情報・通信業,20260930
1762,高松コンストラクショングループ,建設業,20260930
1764,工藤建設,建設業,20260930
1766,東建コーポレーション,建設業,20260930
1768,ソネック,建設業,20260930
1770,藤田エンジニアリング,建設業,20260930
1773,ワイ・ティー・エル・コーポレーション・バーハッド,建設業,20260930
177A,コージンバイオ,化学,20260930
1780,ヤマウラ,建設業,20260930
1783,ｆａｎｔａｓｉｓｔａ,不動産業,20260930
1786,オリエンタル白石,建設業,20260930
1787,ナカボーテック,建設業,20260930
1788,三東工業社,建設業,20260930
1793,大本組,建設業,20260930
1795,マサル,建設業,20260930
1798,守谷商会,建設業,20260930
1799,第一建設工業,建設業,20260930
1801,大成建設,建設業,20260930
1802,大林組,建設業,20260930
1803,清水建設,建設業,20260930
1807,佐藤渡辺,建設業,20260930
1808,長谷工コーポレーション,建設業,20260930
1810,松井建設,建設業,20260930
1811,錢高組,建設業,20260930
1812,鹿島建設,建設業,20260930
1813,不動テトラ,建設業,20260930
1814,大末建設,建設業,20260930
1815,鉄建建設,建設業,20260930
1820,西松建設,建設業,20260930
1822,大豊建設,建設業,20260930
1826,佐田建設,建設業,20260930
1827,ナカノフドー建設,建設業,20260930
1828,田辺工業,建設業,20260930
1833,奥村組,建設業,20260930
1835,東鉄工業,建設業,20260930
1840,土屋ホールディングス,建設業,20260930
1844,大盛工業,建設業,20260930
1847,イチケン,建設業,20260930
1848,富士ピー・エス,建設業,20260930
184A,学びエイド,情報・通信業,20260930
1850,南海辰村建設,建設業,20260930
1852,淺沼組,建設業,20260930
1853,森組,建設業,20260930
185A,リサイクルテック・ジャパン,サービス業,20260930
1860,戸田建設,建設業,20260930
1861,熊谷組,建設業,20260930
1866,北野建設,建設業,20260930
1867,植木組,建設業,20260930
186A,アストロスケールホールディングス,サービス業,20260930
1870,矢作建設工業,建設業,20260930
1871,ピーエス・コンストラクション,建設業,20260930
1873,日本ハウスホールディングス,建設業,20260930
1878,大東建託,不動産業,20260930
1879,新日本建設,建設業,20260930
1882,東亜道路工業,建設業,20260930
1885,東亜建設工業,建設業,20260930
1887,日本国土開発,建設業,20260930
1888,若築建設,建設業,20260930
1893,五洋建設,建設業,20260930
1897,金下建設,建設業,20260930
1898,世紀東急工業,建設業,20260930
1899,福田組,建設業,20260930
189A,Ｄ＆Ｍカンパニー,サービス業,20260930
1904,大成温調,建設業,20260930
1905,テノックス,建設業,20260930
190A,Ｃｈｏｒｄｉａ　Ｔｈｅｒａｐｅｕｔｉｃｓ,医薬品,20260930
1911,住友林業,建設業,20260930
1914,日本基礎技術,建設業,20260930
1921,巴コーポレーション,建設業,20260930
1925,大和ハウス工業,建設業,20260930
1926,ライト工業,建設業,20260930
1928,積水ハウス,建設業,20260930
1929,日特建設,建設業,20260930
192A,インテグループ,サービス業,20260930
1930,北陸電気工事,建設業,20260930
1934,ユアテック,建設業,20260930
1938,日本リーテック,建設業,20260930
1939,四電工,建設業,20260930
1941,中電工,建設業,20260930
1942,関電工,建設業,20260930
1944,きんでん,建設業,20260930
1945,東京エネシス,建設業,20260930
1946,トーエネック,建設業,20260930
194A,ＷＯＬＶＥＳ　ＨＡＮＤ,サービス業,20260930
1950,日本電設工業,建設業,20260930
1951,エクシオグループ,建設業,20260930
1952,新日本空調,建設業,20260930
1959,クラフティア,建設業,20260930
195A,ＭＵＳＣＡＴ　ＧＲＯＵＰ,サービス業,20260930
1960,サンテック,建設業,20260930
1961,三機工業,建設業,20260930
1963,日揮ホールディングス,建設業,20260930
1964,中外炉工業,建設業,20260930
1965,テクノ菱和,建設業,20260930
1966,高田工業所,建設業,20260930
1967,ヤマト,建設業,20260930
1968,太平電業,建設業,20260930
1969,高砂熱学工業,建設業,20260930
196A,ＭＦＳ,その他金融業,20260930
1972,三晃金属工業,建設業,20260930
1975,朝日工業社,建設業,20260930
1976,明星工業,建設業,20260930
1979,大氣社,建設業,20260930
197A,タウンズ,医薬品,20260930
1980,ダイダン,建設業,20260930
1981,協和日成,建設業,20260930
1982,日比谷総合設備,建設業,20260930
198A,ＰｏｓｔＰｒｉｍｅ,情報・通信業,20260930
1992,神田通信機,建設業,20260930
1994,高橋カーテンウォール工業,建設業,20260930
1997,暁飯島工業,建設業,20260930
199A,メディエア,情報・通信業,20260930
2001,ニップン,食料品,20260930
2002,日清製粉グループ本社,食料品,20260930
2003,日東富士製粉,食料品,20260930
2004,昭和産業,食料品,20260930
2009,鳥越製粉,食料品,20260930
203A,シュンビン,サービス業,20260930
204A,タイヨーパッケージ,パルプ・紙,20260930
2053,中部飼料,食料品,20260930
2055,日和産業,食料品,20260930
205A,ロゴスホールディングス,建設業,20260930
2060,フィード・ワン,食料品,20260930
206A,ＰＲＩＳＭ　ＢｉｏＬａｂ,医薬品,20260930
207A,ライジングコーポレーション,建設業,20260930
208A,構造計画研究所ホールディングス,情報・通信業,20260930
209A,小野谷機工,機械,20260930
2108,日本甜菜製糖,食料品,20260930
2109,ＤＭ三井製糖,食料品,20260930
2112,塩水港精糖,食料品,20260930
2114,フジ日本,食料品,20260930
2117,ウェルネオシュガー,食料品,20260930
211A,カドス・コーポレーション,建設業,20260930
2120,ＬＩＦＵＬＬ,サービス業,20260930
2121,ＭＩＸＩ,情報・通信業,20260930
2122,インタースペース,サービス業,20260930
2124,ジェイエイシーリクルートメント,サービス業,20260930
2127,日本Ｍ＆Ａセンターホールディングス,サービス業,20260930
212A,フィットイージー,サービス業,20260930
2130,メンバーズ,サービス業,20260930
2134,北浜キャピタルパートナーズ,サービス業,20260930
2136,ヒップ,サービス業,20260930
2138,クルーズ,情報・通信業,20260930
2139,中広,サービス業,20260930
2146,ＵＴグループ,サービス業,20260930
2148,アイティメディア,サービス業,20260930
2152,幼児活動研究会,サービス業,20260930
2153,Ｅ・Ｊホールディングス,サービス業,20260930
2154,オープンアップグループ,サービス業,20260930
2156,セーラー広告,サービス業,20260930
2157,コシダカホールディングス,サービス業,20260930
2158,ＦＲＯＮＴＥＯ,サービス業,20260930
215A,タイミー,サービス業,20260930
2160,ジーエヌアイグループ,医薬品,20260930
2163,アルトナー,サービス業,20260930
2164,地域新聞社,サービス業,20260930
2168,パソナグループ,サービス業,20260930
2169,ＣＤＳ,サービス業,20260930
216A,ライフクリエイト,小売業,20260930
2170,リンクアンドモチベーション,サービス業,20260930
2173,博展,サービス業,20260930
2175,エス・エム・エス,サービス業,20260930
2179,成学社,サービス業,20260930
217A,サポート,サービス業,20260930
2181,パーソルホールディングス,サービス業,20260930
2183,リニカル,サービス業,20260930
2185,シイエム・シイ,サービス業,20260930
2186,ソーバル,サービス業,20260930
218A,Ｌｉｂｅｒａｗａｒｅ,精密機器,20260930
2193,クックパッド,サービス業,20260930
2195,アミタホールディングス,サービス業,20260930
2198,アイ・ケイ・ケイホールディングス,サービス業,20260930
219A,Ｈｅａｒｔｓｅｅｄ,医薬品,20260930
2201,森永製菓,食料品,20260930
2204,中村屋,食料品,20260930
2206,江崎グリコ,食料品,20260930
2207,ｍｅｉｔｏ,食料品,20260930
2208,ブルボン,食料品,20260930
2209,井村屋グループ,食料品,20260930
220A,Ｆａｂｅｒ　Ｃｏｍｐａｎｙ,情報・通信業,20260930
2211,不二家,食料品,20260930
2212,山崎製パン,食料品,20260930
2215,第一屋製パン,食料品,20260930
2216,カンロ,食料品,20260930
2217,モロゾフ,食料品,20260930
2220,亀田製菓,食料品,20260930
2221,岩塚製菓,食料品,20260930
2222,寿スピリッツ,食料品,20260930
2224,コモ,食料品,20260930
2226,湖池屋,食料品,20260930
2229,カルビー,食料品,20260930
222A,ＮＩＣＳ,情報・通信業,20260930
2264,森永乳業,食料品,20260930
2266,六甲バター,食料品,20260930
2267,ヤクルト本社,食料品,20260930
2268,Ｂ－Ｒ　サーティワン　アイスクリーム,食料品,20260930
2269,明治ホールディングス,食料品,20260930
226A,勝美ジャパン,食料品,20260930
2270,雪印メグミルク,食料品,20260930
227A,ＩＮＳＩＧＨＴ　ＬＡＢ,情報・通信業,20260930
2281,プリマハム,食料品,20260930
2282,日本ハム,食料品,20260930
2286,林兼産業,食料品,20260930
2288,丸大食品,食料品,20260930
228A,オプロ,情報・通信業,20260930
2291,福留ハム,食料品,20260930
2292,Ｓ　Ｆｏｏｄｓ,食料品,20260930
2293,滝沢ハム,食料品,20260930
2294,柿安本店,食料品,20260930
2296,伊藤ハム米久ホールディングス,食料品,20260930
229A,アスミホールディングス,建設業,20260930
2300,きょくとう,サービス業,20260930
2301,学情,サービス業,20260930
2303,ドーン,情報・通信業,20260930
2304,ＣＳＳホールディングス,サービス業,20260930
2305,スタジオアリス,サービス業,20260930
2307,クロスキャット,情報・通信業,20260930
2311,エプコ,サービス業,20260930
2315,ＣＡＩＣＡ　ＤＩＧＩＴＡＬ,情報・通信業,20260930
2317,システナ,情報・通信業,20260930
2321,ソフトフロントホールディングス,情報・通信業,20260930
2323,ｆｏｎｆｕｎ,情報・通信業,20260930
2325,ＮＪＳ,サービス業,20260930
2326,デジタルアーツ,情報・通信業,20260930
2327,日鉄ソリューションズ,情報・通信業,20260930
2329,東北新社,情報・通信業,20260930
2330,フォーサイド,情報・通信業,20260930
2331,ＡＬＳＯＫ,サービス業,20260930
2332,クエスト,情報・通信業,20260930
2334,イオレ,サービス業,20260930
2335,キューブシステム,情報・通信業,20260930
2337,いちご,不動産業,20260930
2338,クオンタムソリューションズ,情報・通信業,20260930
2340,極楽湯ホールディングス,サービス業,20260930
2341,アルバイトタイムス,サービス業,20260930
2342,トランスジェニックグループ,サービス業,20260930
2345,ＨＯＤＬ１,情報・通信業,20260930
2349,エヌアイデイ,情報・通信業,20260930
2351,ＡＳＪ,情報・通信業,20260930
2353,日本駐車場開発,不動産業,20260930
2354,ＹＥ　ＤＩＧＩＴＡＬ,情報・通信業,20260930
2359,コア,情報・通信業,20260930
2370,メディネット,サービス業,20260930
2371,カカクコム,サービス業,20260930
2373,ケア２１,サービス業,20260930
2375,ギグワークス,サービス業,20260930
2376,サイネックス,サービス業,20260930
2378,ルネサンス,サービス業,20260930
2379,ディップ,サービス業,20260930
2384,ＳＢＳホールディングス,陸運業,20260930
2385,総医研ホールディングス,サービス業,20260930
2388,ウェッジホールディングス,その他金融業,20260930
2391,プラネット,サービス業,20260930
2393,日本ケアサプライ,サービス業,20260930
2395,新日本科学,サービス業,20260930
239A,バレッグス,不動産業,20260930
2404,鉄人化ホールディングス,サービス業,20260930
2408,ＫＧ情報,サービス業,20260930
2410,キャリアデザインセンター,サービス業,20260930
2411,ゲンダイエージェンシー,情報・通信業,20260930
2413,エムスリー,サービス業,20260930
2415,ヒューマンホールディングス,サービス業,20260930
2418,ツカダ・グローバルホールディング,サービス業,20260930
241A,ＲＯＸＸ,情報・通信業,20260930
2424,ブラス,サービス業,20260930
2425,ケアサービス,サービス業,20260930
2428,ウェルネット,サービス業,20260930
2429,ワールドホールディングス,サービス業,20260930
2432,ディー・エヌ・エー,情報・通信業,20260930
2433,博報堂ＤＹホールディングス,サービス業,20260930
2435,シダー,サービス業,20260930
2436,共同ピーアール,サービス業,20260930
2437,Ｓｈｉｎｗａ　Ｗｉｓｅ　Ｈｏｌｄｉｎｇｓ,サービス業,20260930
2438,アスカネット,サービス業,20260930
243A,トップス,食料品,20260930
2440,ぐるなび,サービス業,20260930
2445,タカミヤ,サービス業,20260930
2449,プラップジャパン,サービス業,20260930
244A,グロースエクスパートナーズ,情報・通信業,20260930
2452,コンピュータマインド,情報・通信業,20260930
2454,オールアバウト,サービス業,20260930
2459,アウンコンサルティング,サービス業,20260930
245A,ＩＮＧＳ,小売業,20260930
2461,ファンコミュニケーションズ,サービス業,20260930
2462,ライク,サービス業,20260930
2464,Ａｏｂａ‐ＢＢＴ,サービス業,20260930
2469,ヒビノ,サービス業,20260930
246A,アスア,サービス業,20260930
2471,エスプール,サービス業,20260930
2475,ＷＤＢホールディングス,サービス業,20260930
2477,手間いらず,情報・通信業,20260930
2479,ジェイテック,サービス業,20260930
247A,Ａｉロボティクス,化学,20260930
2480,システム・ロケーション,情報・通信業,20260930
2481,タウンニュース社,サービス業,20260930
2483,翻訳センター,サービス業,20260930
2484,出前館,情報・通信業,20260930
2485,ティア,サービス業,20260930
2488,ＪＴＰ,サービス業,20260930
2489,アドウェイズ,サービス業,20260930
248A,キッズスター,情報・通信業,20260930
2491,バリューコマース,サービス業,20260930
2492,インフォマート,サービス業,20260930
2493,イーサポートリンク,サービス業,20260930
2497,ユナイテッド,サービス業,20260930
2498,オリエンタルコンサルタンツホールディングス,サービス業,20260930
2499,日本和装ホールディングス,サービス業,20260930
249A,ヒューマンアジャスト,サービス業,20260930
2501,サッポロビール,食料品,20260930
2502,アサヒグループホールディングス,食料品,20260930
2503,キリンホールディングス,食料品,20260930
250A,シマダヤ,食料品,20260930
251A,ニューロマジック,サービス業,20260930
252A,ウェッジ,小売業,20260930
2531,宝ホールディングス,食料品,20260930
2533,オエノンホールディングス,食料品,20260930
253A,ＥＴＳグループ,建設業,20260930
254A,ＡＩフュージョンキャピタルグループ,証券、商品先物取引業,20260930
255A,ジーエルテクノホールディングス,精密機器,20260930
256A,飛島ホールディングス,建設業,20260930
2573,北海道コカ・コーラボトリング,食料品,20260930
2579,コカ・コーラ　ボトラーズジャパンホールディングス,食料品,20260930
2585,ライフドリンク　カンパニー,食料品,20260930
2586,フルッタフルッタ,食料品,20260930
2587,サントリービバレッジ＆フード,食料品,20260930
2588,プレミアムウォーターホールディングス,食料品,20260930
2590,ダイドーグループホールディングス,食料品,20260930
2593,伊藤園,食料品,20260930
25935,伊藤園第１種優先株式,食料品,20260930
2594,キーコーヒー,食料品,20260930
2597,ユニカフェ,食料品,20260930
2602,日清オイリオグループ,食料品,20260930
2607,不二製油,食料品,20260930
2612,かどや製油,食料品,20260930
2613,Ｊ－オイルミルズ,食料品,20260930
261A,日水コン,サービス業,20260930
262A,インターメスティック,小売業,20260930
263A,デジタルキューブ,情報・通信業,20260930
264A,Ｓｃｈｏｏ,サービス業,20260930
2652,まんだらけ,小売業,20260930
2653,イオン九州,小売業,20260930
2654,アスモ,小売業,20260930
2656,ベクターホールディングス,小売業,20260930
2659,サンエー,小売業,20260930
265A,Ｈｍｃｏｍｍ,情報・通信業,20260930
2664,カワチ薬品,小売業,20260930
2666,オートウェーブ,小売業,20260930
2667,イメージ　ワン,卸売業,20260930
2668,タビオ,卸売業,20260930
2669,カネ美食品,小売業,20260930
266A,グローカルマーケティング,サービス業,20260930
2670,エービーシー・マート,小売業,20260930
2673,夢みつけ隊,小売業,20260930
2674,ハードオフコーポレーション,小売業,20260930
2676,高千穂交易,卸売業,20260930
2678,アスクル,小売業,20260930
267A,トワライズ,その他金融業,20260930
2681,ゲオホールディングス,小売業,20260930
2683,ＵＯＧｒｏｕｐ,小売業,20260930
2685,アンドエスティＨＤ,小売業,20260930
2687,シー・ヴイ・エス・ベイエリア,サービス業,20260930
2689,オルバディーブイエックスヘルスケア,卸売業,20260930
268A,リガク・ホールディングス,精密機器,20260930
2693,ＹＫＴ,卸売業,20260930
2694,焼肉坂井ホールディングス,小売業,20260930
2695,くら寿司,小売業,20260930
2698,キャンドゥ,小売業,20260930
269A,Ｓａｐｅｅｔ,情報・通信業,20260930
2700,木徳神糧,卸売業,20260930
2702,日本マクドナルドホールディングス,小売業,20260930
2705,大戸屋ホールディングス,小売業,20260930
2708,久世,卸売業,20260930
271A,アクセリア,情報・通信業,20260930
2721,ジェイホールディングス,卸売業,20260930
2722,ＩＫホールディングス,小売業,20260930
2726,パルグループホールディングス,小売業,20260930
2730,エディオン,小売業,20260930
2733,あらた,卸売業,20260930
2734,サーラコーポレーション,小売業,20260930
2735,ワッツ,小売業,20260930
2736,フェスタリアホールディングス,小売業,20260930
2737,トーメンデバイス,卸売業,20260930
2742,ハローズ,小売業,20260930
2747,北雄ラッキー,小売業,20260930
2749,ＪＰホールディングス,サービス業,20260930
274A,ガーデン,小売業,20260930
2750,石光商事,卸売業,20260930
2751,テンポスホールディングス,卸売業,20260930
2752,フジオフードグループ本社,小売業,20260930
2753,あみやき亭,小売業,20260930
2760,東京エレクトロン　デバイス,卸売業,20260930
2762,ＳＡＮＫＯ　ＭＡＲＫＥＴＩＮＧ　ＦＯＯＤＳ,小売業,20260930
2764,ひらまつ,小売業,20260930
2767,円谷フィールズホールディングス,卸売業,20260930
2768,双日,卸売業,20260930
2769,ヴィレッジヴァンガードコーポレーション,小売業,20260930
276A,ククレブ・アドバイザーズ,不動産業,20260930
2776,新都ホールディングス,卸売業,20260930
2778,パレモ・ホールディングス,小売業,20260930
277A,グロービング,サービス業,20260930
2780,コメ兵ホールディングス,小売業,20260930
2782,セリア,小売業,20260930
2784,アルフレッサ　ホールディングス,卸売業,20260930
2788,アップルインターナショナル,卸売業,20260930
2789,カルラ,小売業,20260930
278A,Ｔｅｒｒａ　Ｄｒｏｎｅ,精密機器,20260930
2790,ナフコ,小売業,20260930
2791,大黒天物産,小売業,20260930
2792,ハニーズホールディングス,小売業,20260930
2795,日本プリメックス,卸売業,20260930
2796,ファーマライズホールディングス,小売業,20260930
2798,ワイズテーブルコーポレーション,小売業,20260930
279A,インターグ,サービス業,20260930
2801,キッコーマン,食料品,20260930
2802,味の素,食料品,20260930
2804,ブルドックソース,食料品,20260930
2805,ヱスビー食品,食料品,20260930
2806,ユタカフーズ,食料品,20260930
2809,キユーピー,食料品,20260930
280A,ＴＭＨ,卸売業,20260930
2810,ハウス食品グループ本社,食料品,20260930
2811,カゴメ,食料品,20260930
2813,和弘食品,食料品,20260930
2814,佐藤食品工業,食料品,20260930
2815,アリアケジャパン,食料品,20260930
2816,ダイショー,食料品,20260930
2818,ピエトロ,食料品,20260930
2819,エバラ食品工業,食料品,20260930
281A,インフォメティス,情報・通信業,20260930
2820,やまみ,食料品,20260930
2831,はごろもフーズ,食料品,20260930
284A,フクヤ建設,建設業,20260930
285A,キオクシアホールディングス,電気機器,20260930
286A,ユカリア,サービス業,20260930
2871,ニチレイ,食料品,20260930
2872,セイヒョー,食料品,20260930
2874,横浜冷凍,卸売業,20260930
2875,東洋水産,食料品,20260930
2876,デルソーレ,食料品,20260930
2877,日東ベスト,食料品,20260930
287A,黒田グループ,卸売業,20260930
2882,イートアンドホールディングス,食料品,20260930
2883,大冷,食料品,20260930
2884,ヨシムラ・フード・ホールディングス,食料品,20260930
288A,ラクサス・テクノロジーズ,サービス業,20260930
2892,日本食品化工,食料品,20260930
2894,石井食品,食料品,20260930
2897,日清食品ホールディングス,食料品,20260930
2901,ウェルディッシュ,食料品,20260930
2903,シノブフーズ,食料品,20260930
2904,一正蒲鉾,食料品,20260930
2907,あじかん,食料品,20260930
2908,フジッコ,食料品,20260930
290A,Ｓｙｎｓｐｅｃｔｉｖｅ,情報・通信業,20260930
2910,ロック・フィールド,食料品,20260930
2911,旭松食品,食料品,20260930
2914,日本たばこ産業,食料品,20260930
2915,ケンコーマヨネーズ,食料品,20260930
2916,仙波糖化工業,食料品,20260930
2917,大森屋,食料品,20260930
2918,わらべや日洋ホールディングス,食料品,20260930
291A,リスキル,サービス業,20260930
2922,なとり,食料品,20260930
2923,サトウ食品,食料品,20260930
2924,イフジ産業,食料品,20260930
2926,篠崎屋,食料品,20260930
2927,ＡＦＣ－ＨＤアムスライフサイエンス,食料品,20260930
2929,ファーマフーズ,食料品,20260930
292A,エスアイイー,サービス業,20260930
2930,北の達人コーポレーション,化学,20260930
2931,ユーグレナ,食料品,20260930
2932,ＳＴＩフードホールディングス,食料品,20260930
2933,紀文食品,食料品,20260930
2934,ジェイフロンティア,食料品,20260930
2935,ピックルスホールディングス,食料品,20260930
2936,ベースフード,食料品,20260930
2937,サンクゼール,食料品,20260930
2938,オカムラ食品工業,食料品,20260930
293A,ＢＡＢＹ　ＪＯＢ,小売業,20260930
2961,日本調理機,金属製品,20260930
2962,テクニスコ,金属製品,20260930
296A,令和アカウンティング・ホールディングス,サービス業,20260930
2970,ＧＬＣ　ＧＲＯＵＰ,不動産業,20260930
2975,スター・マイカ・ホールディングス,不動産業,20260930
2978,ツクルバ,不動産業,20260930
297A,アルピコホールディングス,小売業,20260930
2980,ＳＲＥホールディングス,不動産業,20260930
2981,ランディックス,不動産業,20260930
2982,ＡＤワークスグループ,不動産業,20260930
2983,アールプランナー,不動産業,20260930
2984,ヤマイチエステート,不動産業,20260930
2985,ファーストステージ,不動産業,20260930
2986,ＬＡホールディングス,不動産業,20260930
298A,ＧＶＡ　ＴＥＣＨ,情報・通信業,20260930
2990,アイダ設計,不動産業,20260930
2991,ランドネット,不動産業,20260930
2992,アーバンライク,不動産業,20260930
2993,長栄,不動産業,20260930
2994,アンサーホールディングス,不動産業,20260930
2995,ジェイレックス・コーポレーション,不動産業,20260930
2997,ストレージ王,不動産業,20260930
2998,クリアル,不動産業,20260930
2999,ホームポジション,不動産業,20260930
299A,クラシル,サービス業,20260930
3001,片倉工業,繊維製品,20260930
3002,グンゼ,繊維製品,20260930
3003,ヒューリック,不動産業,20260930
3004,神栄,卸売業,20260930
300A,ＭＩＣ,サービス業,20260930
3010,ポラリス・ホールディングス,サービス業,20260930
3011,バナーズ,小売業,20260930
301A,インデックス,不動産業,20260930
3020,アプライド,小売業,20260930
3021,パシフィックネット,サービス業,20260930
3023,ラサ商事,卸売業,20260930
3024,クリエイト,卸売業,20260930
3028,アルペン,小売業,20260930
302A,ビースタイルホールディングス,サービス業,20260930
3030,ハブ,小売業,20260930
3031,ラクーンホールディングス,情報・通信業,20260930
3034,クオールホールディングス,小売業,20260930
3035,ケイティケイ,卸売業,20260930
3036,アルコニックス,卸売業,20260930
3038,神戸物産,卸売業,20260930
303A,ｖｉｓｕｍｏ,情報・通信業,20260930
3040,ソリトンシステムズ,情報・通信業,20260930
3041,ビューティカダンホールディングス,卸売業,20260930
3042,セキュアヴェイル,情報・通信業,20260930
3045,カワサキ,卸売業,20260930
3046,ジンズホールディングス,小売業,20260930
3048,ビックカメラ,小売業,20260930
304A,フォルシア,情報・通信業,20260930
3050,ＤＣＭホールディングス,小売業,20260930
3053,ペッパーフードサービス,小売業,20260930
3054,ハイパー,卸売業,20260930
3058,三洋堂ホールディングス,小売業,20260930
3059,ヒラキ,小売業,20260930
305A,ダブルツリー,小売業,20260930
3063,ジェイグループホールディングス,小売業,20260930
3064,ＭｏｎｏｔａＲＯ,小売業,20260930
3065,ライフフーズ,小売業,20260930
3067,東京一番フーズ,小売業,20260930
3068,ＷＤＩ,小売業,20260930
3069,ＪＦＬＡホールディングス,食料品,20260930
3070,ジェリービーンズグループ,卸売業,20260930
3071,ストリーム,小売業,20260930
3075,銚子丸,小売業,20260930
3076,あい　ホールディングス,卸売業,20260930
3077,ホリイフードサービス,小売業,20260930
307A,ハウジング・スタッフ,建設業,20260930
3080,ジェーソン,小売業,20260930
3082,きちりホールディングス,小売業,20260930
3083,スターシーズ,小売業,20260930
3086,Ｊ．フロント　リテイリング,小売業,20260930
3087,ドトール・日レスホールディングス,小売業,20260930
3088,マツキヨココカラ＆カンパニー,小売業,20260930
3089,テクノアルファ,卸売業,20260930
308A,ぽすとめいとホールディングス,サービス業,20260930
3091,ブロンコビリー,小売業,20260930
3092,ＺＯＺＯ,小売業,20260930
3093,トレジャー・ファクトリー,小売業,20260930
3096,オーシャンシステム,小売業,20260930
3097,物語コーポレーション,小売業,20260930
3099,三越伊勢丹ホールディングス,小売業,20260930
309A,コスモス調剤,小売業,20260930
3101,東洋紡,化学,20260930
3103,ユニチカ,繊維製品,20260930
3104,富士紡ホールディングス,繊維製品,20260930
3105,日清紡ホールディングス,電気機器,20260930
3106,倉敷紡績,繊維製品,20260930
3107,ダイワボウホールディングス,卸売業,20260930
3109,シキボウ,繊維製品,20260930
310A,サーティーフォー,不動産業,20260930
3110,日東紡績,ガラス・土石製品,20260930
3111,オーミケンシ,繊維製品,20260930
3113,ＵＮＩＶＡ・Ｏａｋホールディングス,証券、商品先物取引業,20260930
3116,トヨタ紡織,輸送用機器,20260930
3121,マーチャント・バンカーズ,サービス業,20260930
3123,サイボー,繊維製品,20260930
312A,シンコーホールディングス,建設業,20260930
3131,シンデン・ハイテックス,卸売業,20260930
3132,マクニカホールディングス,卸売業,20260930
3133,海帆,小売業,20260930
3134,Ｈａｍｅｅ,小売業,20260930
3135,マーケットエンタープライズ,小売業,20260930
3137,ファンデリー,小売業,20260930
3138,富士山マガジンサービス,小売業,20260930
3139,ラクト・ジャパン,卸売業,20260930
3140,ＢＲＵＮＯ,卸売業,20260930
3143,オーウイル,卸売業,20260930
3148,クリエイトＳＤホールディングス,小売業,20260930
3150,グリムス,電気・ガス業,20260930
3151,バイタルケーエスケー・ホールディングス,卸売業,20260930
3153,八洲電機,卸売業,20260930
3154,メディアスホールディングス,卸売業,20260930
3156,レスター,卸売業,20260930
3157,ジオリーブグループ,卸売業,20260930
3159,丸善ＣＨＩホールディングス,小売業,20260930
3160,大光,卸売業,20260930
3161,アゼアス,卸売業,20260930
3166,ＯＣＨＩホールディングス,卸売業,20260930
3167,ＴＯＫＡＩホールディングス,卸売業,20260930
3168,ＭＥＲＦ,卸売業,20260930
3169,ミサワ,小売業,20260930
3172,ティーライフ,小売業,20260930
3173,Ｃｏｍｉｎｉｘ,卸売業,20260930
3174,ハピネス・アンド・ディ,小売業,20260930
3175,エー・ピーホールディングス,小売業,20260930
3176,三洋貿易,卸売業,20260930
3177,ありがとうサービス,小売業,20260930
3178,チムニー,小売業,20260930
3179,シュッピン,小売業,20260930
317A,エス・エム・エス・データテック,情報・通信業,20260930
3180,ビューティガレージ,卸売業,20260930
3181,買取王国,小売業,20260930
3182,オイシックス,小売業,20260930
3183,ウイン・パートナーズ,卸売業,20260930
3184,ＩＣＤＡホールディングス,小売業,20260930
3185,夢展望,小売業,20260930
3186,ネクステージ,小売業,20260930
3187,ミラタップ,小売業,20260930
3189,ＡＮＡＰホールディングス,小売業,20260930
3190,ホットマン,小売業,20260930
3191,ジョイフル本田,小売業,20260930
3192,白鳩,小売業,20260930
3193,エターナルホスピタリティグループ,小売業,20260930
3195,ジェネレーションパス,小売業,20260930
3196,ホットランドホールディングス,小売業,20260930
3197,すかいらーくホールディングス,小売業,20260930
3199,綿半ホールディングス,小売業,20260930
319A,技術承継機構,金属製品,20260930
3201,日本毛織,繊維製品,20260930
3202,ダイトウボウ,繊維製品,20260930
3204,トーア紡コーポレーション,繊維製品,20260930
3205,ダイドーリミテッド,繊維製品,20260930
320A,Ｄ＆Ｉ,サービス業,20260930
321A,ヒューマンステージホールディングス,サービス業,20260930
3221,ヨシックスホールディングス,小売業,20260930
3222,ユナイテッド・スーパーマーケット・ホールディングス,小売業,20260930
3223,エスエルディー,小売業,20260930
3224,ゼネラル・オイスター,小売業,20260930
322A,ヒメジ理化,ガラス・土石製品,20260930
3231,野村不動産ホールディングス,不動産業,20260930
3232,三重交通グループホールディングス,不動産業,20260930
3236,プロパスト,不動産業,20260930
3237,イントランス,不動産業,20260930
3238,セントラル総合開発,不動産業,20260930
323A,フライヤー,情報・通信業,20260930
3241,ウィル,不動産業,20260930
3242,アーバネットコーポレーション,不動産業,20260930
3245,ディア・ライフ,不動産業,20260930
3246,コーセーアールイー,不動産業,20260930
3248,アールエイジ,不動産業,20260930
324A,ブッキングリゾート,サービス業,20260930
3252,地主,不動産業,20260930
325A,ＴＥＮＴＩＡＬ,繊維製品,20260930
3261,グランディーズ,不動産業,20260930
3266,ファンドクリエーショングループ,不動産業,20260930
3267,フィル・カンパニー,建設業,20260930
326A,ａｅｒｏ　ｌａｂ　ｉｎｔｅｒｎａｔｉｏｎａｌ,卸売業,20260930
3276,ＪＰＭＣ,不動産業,20260930
3277,サンセイランディック,不動産業,20260930
3280,エストラスト,不動産業,20260930
3284,フージャースホールディングス,不動産業,20260930
3286,トラストホールディングス,不動産業,20260930
3288,オープンハウスグループ,不動産業,20260930
3289,東急不動産ホールディングス,不動産業,20260930
3291,飯田グループホールディングス,不動産業,20260930
3293,アズマハウス,不動産業,20260930
3297,東武住販,不動産業,20260930
3299,ムゲンエステート,不動産業,20260930
329A,ジールアソシエイツ,サービス業,20260930
3300,アンビション　ＤＸ　ホールディングス,不動産業,20260930
3302,帝国繊維,繊維製品,20260930
3306,日本製麻,卸売業,20260930
330A,ＴａｌｅｎｔＸ,情報・通信業,20260930
3315,日本コークス工業,石油・石炭製品,20260930
3317,フライングガーデン,小売業,20260930
331A,メディックス,サービス業,20260930
3320,クロスプラス,卸売業,20260930
3321,ミタチ産業,卸売業,20260930
3323,レカム,卸売業,20260930
3326,ランシステム,サービス業,20260930
3329,東和フードサービス,小売業,20260930
332A,ミーク,情報・通信業,20260930
3333,あさひ,小売業,20260930
333A,テクノスマイル,サービス業,20260930
3349,コスモス薬品,小売業,20260930
334A,ビジュアル・プロセッシング・ジャパン,情報・通信業,20260930
3350,メタプラネット,卸売業,20260930
3352,バッファロー,小売業,20260930
3353,メディカル一光グループ,小売業,20260930
3355,クリヤマホールディングス,卸売業,20260930
3358,Ｔｒａｉｌｈｅａｄ　Ｇｌｏｂａｌ　Ｈｏｌｄｉｎｇｓ,小売業,20260930
3359,ｃｏｔｔａ,卸売業,20260930
335A,ミライロ,情報・通信業,20260930
3360,シップヘルスケアホールディングス,卸売業,20260930
3361,トーエル,小売業,20260930
336A,ダイナミックマッププラットフォーム,情報・通信業,20260930
3370,フジタコーポレーション,小売業,20260930
3371,ソフトクリエイトホールディングス,情報・通信業,20260930
3372,関門海,小売業,20260930
3374,内外テック,卸売業,20260930
3375,ＺＯＡ,小売業,20260930
3377,バイク王＆カンパニー,卸売業,20260930
3382,セブン＆アイ・ホールディングス,小売業,20260930
3386,コスモ・バイオ,卸売業,20260930
3387,クリエイト・レストランツ・ホールディングス,小売業,20260930
3388,明治電機工業,卸売業,20260930
338A,ＺｅｎｍｕＴｅｃｈ,情報・通信業,20260930
3391,ツルハホールディングス,小売業,20260930
3392,デリカフーズホールディングス,卸売業,20260930
3393,スターティアホールディングス,卸売業,20260930
3395,サンマルクホールディングス,小売業,20260930
3396,フェリシモ,小売業,20260930
3397,トリドールホールディングス,小売業,20260930
3399,丸千代山岡家,小売業,20260930
339A,プログレス・テクノロジーズ　グループ,サービス業,20260930
3401,帝人,繊維製品,20260930
3402,東レ,繊維製品,20260930
3405,クラレ,化学,20260930
3407,旭化成,化学,20260930
3409,北紡,繊維製品,20260930
340A,ジグザグ,情報・通信業,20260930
3415,ＴＯＫＹＯ　ＢＡＳＥ,小売業,20260930
3416,ピクスタ,小売業,20260930
3417,大木ヘルスケアホールディングス,卸売業,20260930
3418,バルニバービ,小売業,20260930
341A,トヨコー,建設業,20260930
3420,ケー・エフ・シー,金属製品,20260930
3421,稲葉製作所,金属製品,20260930
3422,Ｊ－ＭＡＸ,金属製品,20260930
3423,エスイー,金属製品,20260930
3426,アトムリビンテック,金属製品,20260930
3431,宮地エンジニアリンググループ,金属製品,20260930
3433,トーカロ,金属製品,20260930
3434,アルファＣｏ,金属製品,20260930
3435,サンコーテクノ,金属製品,20260930
3436,ＳＵＭＣＯ,金属製品,20260930
3437,特殊電極,金属製品,20260930
3439,三ツ知,金属製品,20260930
343A,ＩＡＣＥトラベル,サービス業,20260930
3440,日創グループ,金属製品,20260930
3441,山王,金属製品,20260930
3443,川田テクノロジーズ,金属製品,20260930
3444,菊池製作所,金属製品,20260930
3445,ＲＳ　Ｔｅｃｈｎｏｌｏｇｉｅｓ,金属製品,20260930
3446,ジェイテックコーポレーション,金属製品,20260930
3447,信和,金属製品,20260930
3448,清鋼材,金属製品,20260930
3449,テクノフレックス,金属製品,20260930
3452,ビーロット,不動産業,20260930
3454,ファーストブラザーズ,不動産業,20260930
3457,Ａｎｄ　Ｄｏホールディングス,不動産業,20260930
3461,パルマ,不動産業,20260930
3465,ケイアイスター不動産,不動産業,20260930
3467,アグレ都市デザイン,不動産業,20260930
3469,デュアルタップ,不動産業,20260930
3474,Ｇ－ＦＡＣＴＯＲＹ,不動産業,20260930
3475,グッドコムアセット,不動産業,20260930
3477,フォーライフ,不動産業,20260930
3479,ＴＫＰ,不動産業,20260930
347A,ＧＲＯＷＴＨ　ＰＯＷＥＲ,卸売業,20260930
3482,ロードスターキャピタル,不動産業,20260930
3483,翔栄,不動産業,20260930
3484,イノベーションホールディングス,不動産業,20260930
3486,グローバル・リンク・マネジメント,不動産業,20260930
3489,フェイスネットワーク,不動産業,20260930
3490,アズ企画設計,不動産業,20260930
3491,ＧＡ　ｔｅｃｈｎｏｌｏｇｉｅｓ,不動産業,20260930
3494,マリオン,不動産業,20260930
3495,香陵住販,不動産業,20260930
3496,アズーム,不動産業,20260930
3498,霞ヶ関キャピタル,不動産業,20260930
3501,ＳＵＭＩＮＯＥ,繊維製品,20260930
350A,デジタルグリッド,電気・ガス業,20260930
3512,日本フエルト,繊維製品,20260930
3513,イチカワ,繊維製品,20260930
351A,アクシスＩＴパートナーズ,情報・通信業,20260930
3521,テルマー湯ホールディングス,サービス業,20260930
3524,日東製網,繊維製品,20260930
3529,アツギ,繊維製品,20260930
352A,ＬＯＩＶＥ,サービス業,20260930
3536,アクサスホールディングス,小売業,20260930
3537,昭栄薬品,卸売業,20260930
3538,ウイルプラスホールディングス,小売業,20260930
3539,ＪＭホールディングス,小売業,20260930
3542,ベガコーポレーション,小売業,20260930
3543,コメダホールディングス,卸売業,20260930
3544,サツドラホールディングス,小売業,20260930
3547,ユニシアホールディングス,小売業,20260930
3548,バロックジャパンリミテッド,小売業,20260930
3549,クスリのアオキホールディングス,小売業,20260930
3550,スタジオアタオ,小売業,20260930
3551,ダイニック,繊維製品,20260930
3553,共和レザー,化学,20260930
3556,リネットジャパングループ,小売業,20260930
3557,ユナイテッド＆コレクティブ,小売業,20260930
3558,ジェイドグループ,小売業,20260930
3559,ピーバンドットコム,卸売業,20260930
355A,ナウビレッジ,サービス業,20260930
3560,ほぼ日,小売業,20260930
3561,力の源ホールディングス,小売業,20260930
3562,Ｎｏ．１,卸売業,20260930
3563,ＦＯＯＤ　＆　ＬＩＦＥ　ＣＯＭＰＡＮＩＥＳ,小売業,20260930
3565,アセンテック,卸売業,20260930
3566,ユニフォームネクスト,小売業,20260930
3569,セーレン,繊維製品,20260930
3571,ソトー,繊維製品,20260930
3577,東海染工,繊維製品,20260930
357A,エフアンドエフ,小売業,20260930
3580,小松マテーレ,繊維製品,20260930
3583,オーベクス,繊維製品,20260930
358A,ゼン・ランド,不動産業,20260930
3591,ワコールホールディングス,繊維製品,20260930
3597,自重堂,繊維製品,20260930
3598,山喜,繊維製品,20260930
359A,ＮＥＸＴ　ＳＴＡＧＥ,サービス業,20260930
3600,フジックス,繊維製品,20260930
3607,クラウディアホールディングス,繊維製品,20260930
3608,ＴＳＩホールディングス,繊維製品,20260930
3611,マツオカコーポレーション,繊維製品,20260930
3612,ワールド,繊維製品,20260930
361A,リビングハウス,小売業,20260930
3622,ネットイヤーグループ,情報・通信業,20260930
3623,ビリングシステム,情報・通信業,20260930
3624,アクセルマーク,情報・通信業,20260930
3625,テックファームホールディングス,情報・通信業,20260930
3626,ＴＩＳＩ,情報・通信業,20260930
3627,テクミラホールディングス,情報・通信業,20260930
3628,データホライゾン,情報・通信業,20260930
362A,エクシオホールディングス,サービス業,20260930
3632,グリーホールディングス,情報・通信業,20260930
3633,ＧＭＯペパボ,情報・通信業,20260930
3634,ソケッツ,情報・通信業,20260930
3635,コーエーテクモホールディングス,情報・通信業,20260930
3636,三菱総合研究所,情報・通信業,20260930
3639,ボルテージ,情報・通信業,20260930
3640,電算,情報・通信業,20260930
3641,パピレス,情報・通信業,20260930
3645,メディカルネット,情報・通信業,20260930
3646,駅探,情報・通信業,20260930
3647,アスリナ,情報・通信業,20260930
3648,ＡＧＳ,情報・通信業,20260930
3649,ファインデックス,情報・通信業,20260930
3652,ディジタルメディアプロフェッショナル,情報・通信業,20260930
3653,モルフォ,情報・通信業,20260930
3656,ＫＬａｂ,情報・通信業,20260930
3657,ポールトゥウィンホールディングス,情報・通信業,20260930
3659,ネクソン,情報・通信業,20260930
365A,伊澤タオル,繊維製品,20260930
3660,アイスタイル,情報・通信業,20260930
3661,エムアップホールディングス,情報・通信業,20260930
3662,エイチームホールディングス,情報・通信業,20260930
3663,セルシス,情報・通信業,20260930
3664,ＷＩＺＥ,情報・通信業,20260930
3665,エニグモ,情報・通信業,20260930
3667,ｅｎｉｓｈ,情報・通信業,20260930
3668,コロプラ,情報・通信業,20260930
366A,ウェルネス・コミュニケーションズ,サービス業,20260930
3670,協立情報通信,情報・通信業,20260930
3671,ソフトマックス,情報・通信業,20260930
3672,オルトプラス,情報・通信業,20260930
3673,ブロードリーフ,情報・通信業,20260930
3674,オークファン,情報・通信業,20260930
3675,クロス・マーケティンググループ,情報・通信業,20260930
3676,デジタルハーツホールディングス,情報・通信業,20260930
3678,メディアドゥ,情報・通信業,20260930
3679,じげん,情報・通信業,20260930
367A,プリモグローバルホールディングス,小売業,20260930
3680,ホットリンク,情報・通信業,20260930
3682,エンカレッジ・テクノロジ,情報・通信業,20260930
3683,サイバーリンクス,情報・通信業,20260930
3686,ディー・エル・イー,情報・通信業,20260930
3687,フィックスターズ,情報・通信業,20260930
368A,北里,精密機器,20260930
3690,イルグルム,情報・通信業,20260930
3691,デジタルプラス,情報・通信業,20260930
3692,ＦＦＲＩセキュリティ,情報・通信業,20260930
3694,オプティム,情報・通信業,20260930
3695,ＧＭＯプロダクトプラットフォーム,情報・通信業,20260930
3696,セレス,情報・通信業,20260930
3697,ＳＨＩＦＴ,情報・通信業,20260930
3698,ＣＲＩ・ミドルウェア,情報・通信業,20260930
369A,エータイ,サービス業,20260930
3708,特種東海製紙,パルプ・紙,20260930
370A,リバイブル,不動産業,20260930
3710,ジョルダン,情報・通信業,20260930
3712,情報企画,情報・通信業,20260930
3719,ＡＩストーム,情報・通信業,20260930
371A,デージーネット,情報・通信業,20260930
3723,日本ファルコム,情報・通信業,20260930
3726,フォーシーズＨＤ,小売業,20260930
3727,アプリックス,情報・通信業,20260930
372A,レント,サービス業,20260930
3733,ソフトウェア・サービス,情報・通信業,20260930
373A,リップス,化学,20260930
3741,セック,情報・通信業,20260930
3744,サイオス,情報・通信業,20260930
3747,インタートレード,情報・通信業,20260930
374A,樋口総合研究所,情報・通信業,20260930
3750,ＡＤＲバイオメディカルホールディングス,情報・通信業,20260930
3753,フライトソリューションズ,情報・通信業,20260930
3758,アエリア,情報・通信業,20260930
375A,ＹＡＫホールディングス,不動産業,20260930
3760,ケイブ,情報・通信業,20260930
3762,テクマトリックス,情報・通信業,20260930
3763,プロシップ,情報・通信業,20260930
3765,ガンホー・オンライン・エンターテイメント,情報・通信業,20260930
3766,システムズ・デザイン,情報・通信業,20260930
3768,リスクモンスター,情報・通信業,20260930
3769,ＧＭＯペイメントゲートウェイ,情報・通信業,20260930
3771,システムリサーチ,情報・通信業,20260930
3772,ウェルス・マネジメント,不動産業,20260930
3773,アドバンスト・メディア,情報・通信業,20260930
3774,インターネットイニシアティブ,情報・通信業,20260930
3776,ブロードバンドタワー,情報・通信業,20260930
3777,環境フレンドリーホールディングス,情報・通信業,20260930
3778,さくらインターネット,情報・通信業,20260930
3779,ジェイ・エスコムホールディングス,情報・通信業,20260930
3787,テクノマセマティカル,情報・通信業,20260930
3788,ＧＭＯグローバルサイン・ホールディングス,情報・通信業,20260930
378A,ヒット,サービス業,20260930
3791,ＩＧポート,情報・通信業,20260930
3793,ドリコム,情報・通信業,20260930
3796,いい生活,情報・通信業,20260930
3798,ＵＬＳグループ,情報・通信業,20260930
3799,キーウェアソリューションズ,情報・通信業,20260930
3800,ユニリタ,情報・通信業,20260930
3802,エコミック,情報・通信業,20260930
3803,イメージ情報開発,情報・通信業,20260930
3804,システム　ディ,情報・通信業,20260930
3807,フィスコ,情報・通信業,20260930
3810,サイバーステップホールディングス,情報・通信業,20260930
3815,メディア工房,情報・通信業,20260930
3816,大和コンピューター,情報・通信業,20260930
3817,ＳＲＡホールディングス,情報・通信業,20260930
3823,ＴＨＥ　ＷＨＹ　ＨＯＷ　ＤＯ　ＣＯＭＰＡＮＹ,情報・通信業,20260930
3825,リミックスポイント,小売業,20260930
3826,システムインテグレータ,情報・通信業,20260930
3834,朝日ネット,情報・通信業,20260930
3835,ｅＢＡＳＥ,情報・通信業,20260930
3836,アバントグループ,情報・通信業,20260930
3837,アドソル日進,情報・通信業,20260930
3839,ＯＤＫソリューションズ,情報・通信業,20260930
3840,ヴィクトン,情報・通信業,20260930
3841,ジーダット,情報・通信業,20260930
3842,ネクストジェン,情報・通信業,20260930
3843,フリービット,情報・通信業,20260930
3844,コムチュア,情報・通信業,20260930
3845,アイフリークモバイル,情報・通信業,20260930
3848,データ・アプリケーション,情報・通信業,20260930
3850,エヌ・ティ・ティ・データ・イントラマート,情報・通信業,20260930
3851,日本一ソフトウェア,情報・通信業,20260930
3853,アステリア,情報・通信業,20260930
3854,アイル,情報・通信業,20260930
3858,ユビキタスＡＩ,情報・通信業,20260930
385A,山本通産,卸売業,20260930
3861,王子ホールディングス,パルプ・紙,20260930
3863,日本製紙,パルプ・紙,20260930
3864,三菱製紙,パルプ・紙,20260930
3865,北越コーポレーション,パルプ・紙,20260930
386A,みのや,小売業,20260930
3877,中越パルプ工業,パルプ・紙,20260930
3878,巴川コーポレーション,化学,20260930
387A,フラー,情報・通信業,20260930
3880,大王製紙,パルプ・紙,20260930
3891,ニッポン高度紙工業,パルプ・紙,20260930
3892,岡山製紙,パルプ・紙,20260930
3895,ハビックス,パルプ・紙,20260930
3896,阿波製紙,パルプ・紙,20260930
389A,八光オートメーション,電気機器,20260930
3900,クラウドワークス,情報・通信業,20260930
3901,マークラインズ,情報・通信業,20260930
3903,ｇｕｍｉ,情報・通信業,20260930
3904,カヤック,情報・通信業,20260930
3905,データセクション,情報・通信業,20260930
3907,シリコンスタジオ,情報・通信業,20260930
3908,コラボス,情報・通信業,20260930
3909,ショーケース,情報・通信業,20260930
3910,エムケイシステム,情報・通信業,20260930
3911,Ａｉｍｉｎｇ,情報・通信業,20260930
3912,モバイルファクトリー,情報・通信業,20260930
3913,ＧｒｅｅｎＢｅｅ,情報・通信業,20260930
3914,ＪＩＧ－ＳＡＷ,情報・通信業,20260930
3915,テラスカイ,情報・通信業,20260930
3916,デジタル・インフォメーション・テクノロジー,情報・通信業,20260930
3917,アイリッジ,情報・通信業,20260930
3918,ＰＣＩホールディングス,情報・通信業,20260930
3920,アイビーシー,情報・通信業,20260930
3921,ネオジャパン,情報・通信業,20260930
3922,ＰＲ　ＴＩＭＥＳ,情報・通信業,20260930
3923,ラクス,情報・通信業,20260930
3925,ダブルスタンダード,情報・通信業,20260930
3926,オープンドア,情報・通信業,20260930
3927,フーバーブレイン,情報・通信業,20260930
3928,マイネット,情報・通信業,20260930
3929,ソーシャルワイヤー,情報・通信業,20260930
3930,はてな,情報・通信業,20260930
3931,バリューゴルフ,情報・通信業,20260930
3932,アカツキ,情報・通信業,20260930
3933,チエル,情報・通信業,20260930
3934,ベネフィットジャパン,情報・通信業,20260930
3935,エディア,情報・通信業,20260930
3936,グローバルウェイ,情報・通信業,20260930
3937,Ｕｂｉｃｏｍホールディングス,情報・通信業,20260930
3939,カナミックネットワーク,情報・通信業,20260930
393A,ＲｉｔａＸ,サービス業,20260930
3940,ノムラシステムコーポレーション,情報・通信業,20260930
3941,レンゴー,パルプ・紙,20260930
3943,大石産業,パルプ・紙,20260930
3944,古林紙工,パルプ・紙,20260930
3945,スーパーバッグ,パルプ・紙,20260930
3946,トーモク,パルプ・紙,20260930
3947,ダイナパック,パルプ・紙,20260930
3948,光ビジネスフォーム,パルプ・紙,20260930
3950,ザ・パック,パルプ・紙,20260930
3951,朝日印刷,パルプ・紙,20260930
3953,大村紙業,パルプ・紙,20260930
3954,昭和パックス,パルプ・紙,20260930
3955,イムラ,パルプ・紙,20260930
3958,笹徳印刷,パルプ・紙,20260930
3962,チェンジホールディングス,情報・通信業,20260930
3963,シンクロ・フード,情報・通信業,20260930
3964,オークネット,情報・通信業,20260930
3965,キャピタル・アセット・プランニング,情報・通信業,20260930
3967,エルテス,情報・通信業,20260930
3968,セグエグループ,情報・通信業,20260930
3969,エイトレッド,情報・通信業,20260930
3970,イノベーション,情報・通信業,20260930
3974,ＳＣＡＴ,情報・通信業,20260930
3976,シャノン,情報・通信業,20260930
3979,うるる,情報・通信業,20260930
3981,ビーグリー,情報・通信業,20260930
3983,オロ,情報・通信業,20260930
3984,ユーザーローカル,情報・通信業,20260930
3985,テモナ,情報・通信業,20260930
3986,ビーブレイクシステムズ,情報・通信業,20260930
3987,エコモット,情報・通信業,20260930
3988,ＳＹＳホールディングス,情報・通信業,20260930
3989,シェアリングテクノロジー,情報・通信業,20260930
398A,リアルクオリティ,サービス業,20260930
3991,ウォンテッドリー,情報・通信業,20260930
3992,ニーズウェル,情報・通信業,20260930
3993,ＰＫＳＨＡ　Ｔｅｃｈｎｏｌｏｇｙ,情報・通信業,20260930
3994,マネーフォワード,情報・通信業,20260930
3996,サインポスト,情報・通信業,20260930
3997,トレードワークス,情報・通信業,20260930
3998,すららネット,情報・通信業,20260930
4004,レゾナック・ホールディングス,化学,20260930
4005,住友化学,化学,20260930
4008,住友精化,化学,20260930
4011,ヘッドウォータース,情報・通信業,20260930
4012,アクシス,情報・通信業,20260930
4013,勤次郎,情報・通信業,20260930
4014,カラダノート,情報・通信業,20260930
4015,ペイクラウドホールディングス,情報・通信業,20260930
4016,ＭＩＴホールディングス,情報・通信業,20260930
4017,クリーマ,情報・通信業,20260930
4019,スタメン,情報・通信業,20260930
4020,ビートレンド,情報・通信業,20260930
4021,日産化学,化学,20260930
4022,ラサ工業,化学,20260930
4023,クレハ,化学,20260930
4025,多木化学,化学,20260930
4026,神島化学工業,ガラス・土石製品,20260930
4027,テイカ,化学,20260930
4028,石原産業,化学,20260930
402A,アクセルスペースホールディングス,輸送用機器,20260930
4031,片倉コープアグリ,化学,20260930
403A,北條組,建設業,20260930
4040,南海化学,化学,20260930
4041,日本曹達,化学,20260930
4042,東ソー,化学,20260930
4043,トクヤマ,化学,20260930
4044,セントラル硝子,化学,20260930
4045,東亞合成,化学,20260930
4046,大阪ソーダ,化学,20260930
4047,関東電化工業,化学,20260930
4051,ＧＭＯフィナンシャルゲート,情報・通信業,20260930
4052,フィーチャ,情報・通信業,20260930
4053,Ｓｕｎ　Ａｓｔｅｒｉｓｋ,情報・通信業,20260930
4054,日本情報クリエイト,情報・通信業,20260930
4055,ティアンドエスグループ,情報・通信業,20260930
4056,ニューラルグループ,情報・通信業,20260930
4057,インターファクトリー,情報・通信業,20260930
4058,トヨクモ,情報・通信業,20260930
4059,まぐまぐ,情報・通信業,20260930
405A,コヤマ・ミライエ,卸売業,20260930
4060,ｒａｋｕｍｏ,情報・通信業,20260930
4061,デンカ,化学,20260930
4062,イビデン,電気機器,20260930
4063,信越化学工業,化学,20260930
4064,日本カーバイド工業,化学,20260930
4068,ベイシス,情報・通信業,20260930
4069,ＢｌｕｅＭｅｍｅ,情報・通信業,20260930
406A,環境のミカタホールディングス,サービス業,20260930
4071,プラスアルファ・コンサルティング,情報・通信業,20260930
4072,電算システムホールディングス,情報・通信業,20260930
4073,ジィ・シィ企画,情報・通信業,20260930
4074,ラキール,情報・通信業,20260930
4075,ブレインズテクノロジー,情報・通信業,20260930
4076,シイエヌエス,情報・通信業,20260930
4078,堺化学工業,化学,20260930
407A,ＵＮＩＣＯＮホールディングス,建設業,20260930
4082,第一稀元素化学工業,化学,20260930
4088,エア・ウォーター,化学,20260930
4091,日本酸素ホールディングス,化学,20260930
4092,日本化学工業,化学,20260930
4093,東邦アセチレン,化学,20260930
4094,日本化学産業,化学,20260930
4095,日本パーカライジング,化学,20260930
4097,高圧ガス工業,化学,20260930
4098,チタン工業,化学,20260930
4099,四国化成ホールディングス,化学,20260930
409A,オリオンビール,食料品,20260930
4100,戸田工業,化学,20260930
4102,丸尾カルシウム,化学,20260930
4107,伊勢化学工業,化学,20260930
4109,ステラ　ケミファ,化学,20260930
410A,ＧＭＯコマース,サービス業,20260930
4112,保土谷化学工業,化学,20260930
4113,田岡化学工業,化学,20260930
4114,日本触媒,化学,20260930
4116,大日精化工業,化学,20260930
4118,カネカ,化学,20260930
4119,日本ピグメントホールディングス,化学,20260930
411A,日本マリタイムバンク,その他金融業,20260930
4120,スガイ化学工業,化学,20260930
4124,大阪油化工業,化学,20260930
4125,三和油化工業,化学,20260930
414A,オーバーラップホールディングス,情報・通信業,20260930
4151,協和キリン,医薬品,20260930
415A,ＧＭＯ　ＴＥＣＨホールディングス,サービス業,20260930
4165,プレイド,情報・通信業,20260930
4166,かっこ,情報・通信業,20260930
4167,ココペリ,情報・通信業,20260930
4168,ヤプリ,情報・通信業,20260930
4169,ＥＮＥＣＨＡＮＧＥ,情報・通信業,20260930
416A,富士ユナイトホールディングス,卸売業,20260930
4170,Ｋａｉｚｅｎ　Ｐｌａｔｆｏｒｍ,情報・通信業,20260930
4172,Ｈｉクラテス,情報・通信業,20260930
4174,アピリッツ,情報・通信業,20260930
4175,ｃｏｌｙ,情報・通信業,20260930
4176,ココナラ,情報・通信業,20260930
4177,ｉ‐ｐｌｕｇ,情報・通信業,20260930
4178,Ｓｈａｒｉｎｇ　Ｉｎｎｏｖａｔｉｏｎｓ,情報・通信業,20260930
4179,ジーネクスト,情報・通信業,20260930
417A,ブルーゾーンホールディングス,小売業,20260930
4180,Ａｐｐｉｅｒ　Ｇｒｏｕｐ,情報・通信業,20260930
4182,三菱瓦斯化学,化学,20260930
4183,三井化学,化学,20260930
4186,東京応化工業,化学,20260930
4187,大阪有機化学工業,化学,20260930
4188,三菱ケミカルグループ,化学,20260930
4189,ＫＨネオケム,化学,20260930
4192,スパイダープラス,情報・通信業,20260930
4193,ファブリカホールディングス,情報・通信業,20260930
4194,ビジョナル,情報・通信業,20260930
4196,ネオマーケティング,情報・通信業,20260930
4197,アスマーク,情報・通信業,20260930
4198,テンダ,情報・通信業,20260930
4199,ワンダープラネット,情報・通信業,20260930
419A,ラングローブ,小売業,20260930
4202,ダイセル,化学,20260930
4203,住友ベークライト,化学,20260930
4204,積水化学工業,化学,20260930
4205,日本ゼオン,化学,20260930
4206,アイカ工業,化学,20260930
4208,ＵＢＥ,化学,20260930
4212,積水樹脂,化学,20260930
4216,旭有機材,化学,20260930
4218,ニチバン,化学,20260930
421A,ムービン・ストラテジック・キャリア,サービス業,20260930
4220,リケンテクノス,化学,20260930
4221,大倉工業,化学,20260930
4222,児玉化学工業,化学,20260930
4224,ロンシール工業,化学,20260930
4228,積水化成品工業,化学,20260930
4229,群栄化学工業,化学,20260930
422A,ｔａｎｅ　ＣＲＥＡＴＩＶＥ,情報・通信業,20260930
4231,タイガースポリマー,化学,20260930
4234,サンエー化研,化学,20260930
4235,ウルトラファブリックス・ホールディングス,化学,20260930
4237,フジプレアム,化学,20260930
4238,ミライアル,化学,20260930
423A,ライオン事務器,卸売業,20260930
4240,クラスターテクノロジー,化学,20260930
4241,アテクト,化学,20260930
4242,タカギセイコー,化学,20260930
4243,ニックス,化学,20260930
4245,ダイキアクシス,化学,20260930
4246,ダイキョーニシカワ,化学,20260930
4247,ポバール興業,化学,20260930
4248,竹本容器,化学,20260930
4249,森六,化学,20260930
4251,恵和,化学,20260930
4255,ＴＨＥＣＯＯ,情報・通信業,20260930
4256,サインド,情報・通信業,20260930
4258,網屋,情報・通信業,20260930
4259,エクサウィザーズ,情報・通信業,20260930
4260,ハイブリッドテクノロジーズ,情報・通信業,20260930
4261,アジアクエスト,情報・通信業,20260930
4262,ニフティライフスタイル,情報・通信業,20260930
4263,サスメド,情報・通信業,20260930
4264,セキュア,情報・通信業,20260930
4265,Ｉｎｓｔｉｔｕｔｉｏｎ　ｆｏｒ　ａ　Ｇｌｏｂａｌ　Ｓｏｃｉｅｔｙ,情報・通信業,20260930
4270,ＢｅｅＸ,情報・通信業,20260930
4272,日本化薬,化学,20260930
4274,細谷火工,化学,20260930
4275,カーリット,化学,20260930
4284,ソルクシーズ,情報・通信業,20260930
4286,ＣＬホールディングス,サービス業,20260930
4287,ジャストプランニング,情報・通信業,20260930
4288,アズジェント,情報・通信業,20260930
428A,サイプレス・ホールディングス,小売業,20260930
4290,プレステージ・インターナショナル,サービス業,20260930
4293,セプテーニ・ホールディングス,サービス業,20260930
4299,ハイマックス,情報・通信業,20260930
429A,テクセンドフォトマスク,その他製品,20260930
4301,アミューズ,サービス業,20260930
4307,野村総合研究所,情報・通信業,20260930
4308,Ｊストリーム,情報・通信業,20260930
430A,ネクストハンズ,情報・通信業,20260930
4310,ドリームインキュベータ,サービス業,20260930
4316,ビーマップ,情報・通信業,20260930
4317,レイ,サービス業,20260930
4318,クイック,サービス業,20260930
431A,ユーソナー,情報・通信業,20260930
4320,ＣＥホールディングス,情報・通信業,20260930
4323,日本システム技術,情報・通信業,20260930
4324,電通グループ,サービス業,20260930
4326,インテージホールディングス,情報・通信業,20260930
432A,クリニファー,卸売業,20260930
4331,テイクアンドギヴ・ニーズ,サービス業,20260930
4334,ユークス,情報・通信業,20260930
4335,ＩＰＳホールディングス,情報・通信業,20260930
4337,ぴあ,サービス業,20260930
433A,ＭＪＥ,卸売業,20260930
4341,西菱電機,サービス業,20260930
4343,イオンファンタジー,サービス業,20260930
4344,ソースネクスト,情報・通信業,20260930
4345,シーティーエス,サービス業,20260930
4346,ＮＥＸＹＺ．Ｇｒｏｕｐ,その他金融業,20260930
4347,ブロードメディア,サービス業,20260930
434A,ＬＯＯＰＬＡＣＥ,不動産業,20260930
4350,メディカルシステムネットワーク,小売業,20260930
4351,山田再生系債権回収総合事務所,その他金融業,20260930
4356,応用技術,情報・通信業,20260930
4360,マナック・ケミカル・パートナーズ,化学,20260930
4361,川口化学工業,化学,20260930
4362,日本精化,化学,20260930
4365,松本油脂製薬,化学,20260930
4366,ダイトーケミックス,化学,20260930
4368,扶桑化学工業,化学,20260930
4369,トリケミカル研究所,化学,20260930
436A,サイバーソリューションズ,情報・通信業,20260930
4370,モビルス,情報・通信業,20260930
4371,コアコンセプト・テクノロジー,情報・通信業,20260930
4372,ユミルリンク,情報・通信業,20260930
4373,シンプレクス・ホールディングス,情報・通信業,20260930
4374,ＲＯＢＯＴ　ＰＡＹＭＥＮＴ,情報・通信業,20260930
4375,セーフィー,情報・通信業,20260930
4376,くふうカンパニーホールディングス,情報・通信業,20260930
4377,ワンキャリア,情報・通信業,20260930
4378,ＣＩＮＣ,情報・通信業,20260930
4379,Ｐｈｏｔｏｓｙｎｔｈ,情報・通信業,20260930
437A,ジェイウェイブ,サービス業,20260930
4380,Ｍマート,情報・通信業,20260930
4381,ビープラッツ,情報・通信業,20260930
4382,ＨＥＲＯＺ,情報・通信業,20260930
4385,メルカリ,情報・通信業,20260930
4386,ＳＩＧグループ,情報・通信業,20260930
4387,ＺＵＵ,情報・通信業,20260930
4388,エーアイ,情報・通信業,20260930
4389,プロパティデータバンク,情報・通信業,20260930
438A,インフキュリオン,情報・通信業,20260930
4390,ＩＰＳ,情報・通信業,20260930
4391,ロジザード,情報・通信業,20260930
4392,ＦＩＧ,情報・通信業,20260930
4393,バンク・オブ・イノベーション,情報・通信業,20260930
4394,エクスモーション,情報・通信業,20260930
4395,アクリート,情報・通信業,20260930
4396,システムサポートホールディングス,情報・通信業,20260930
4397,チームスピリット,情報・通信業,20260930
4398,ブロードバンドセキュリティ,情報・通信業,20260930
439A,アクトビ,情報・通信業,20260930
4401,ＡＤＥＫＡ,化学,20260930
4403,日油,化学,20260930
4404,ミヨシ油脂,食料品,20260930
4406,新日本理化,化学,20260930
4409,東邦化学工業,化学,20260930
4410,ハリマ化成グループ,化学,20260930
4412,サイエンスアーツ,情報・通信業,20260930
4413,ボードルア,情報・通信業,20260930
4414,フレクト,情報・通信業,20260930
4415,ブロードエンタープライズ,情報・通信業,20260930
4416,Ｔｒｕｅ　Ｄａｔａ,情報・通信業,20260930
4417,グローバルセキュリティエキスパート,情報・通信業,20260930
4418,ＪＤＳＣ,情報・通信業,20260930
4419,Ｆｉｎａｔｅｘｔホールディングス,情報・通信業,20260930
441A,ＮＥ,情報・通信業,20260930
4420,イーソル,情報・通信業,20260930
4421,ディ・アイ・システム,情報・通信業,20260930
4422,ＶＡＬＵＥＮＥＸ,情報・通信業,20260930
4424,Ａｍａｚｉａ,情報・通信業,20260930
4425,Ｋｕｄａｎ,情報・通信業,20260930
4426,パスロジ,情報・通信業,20260930
4427,ＥｄｕＬａｂ,情報・通信業,20260930
4428,シノプス,情報・通信業,20260930
4429,リックソフト,情報・通信業,20260930
442A,クラシコ,繊維製品,20260930
4430,東海ソフト,情報・通信業,20260930
4431,スマレジ,情報・通信業,20260930
4432,ウイングアーク１ｓｔ,情報・通信業,20260930
4433,ヒト・コミュニケーションズ・ホールディングス,サービス業,20260930
4434,サーバーワークス,情報・通信業,20260930
4436,ミンカブ・ジ・インフォノイド,情報・通信業,20260930
4437,ｇｏｏｄｄａｙｓホールディングス,情報・通信業,20260930
4438,Ｗｅｌｂｙ,情報・通信業,20260930
4439,東名,情報・通信業,20260930
4440,ヴィッツ,情報・通信業,20260930
4441,トビラシステムズ,情報・通信業,20260930
4442,バルテス・ホールディングス,情報・通信業,20260930
4443,Ｓａｎｓａｎ,情報・通信業,20260930
4444,インフォネット,情報・通信業,20260930
4445,リビン・テクノロジーズ,情報・通信業,20260930
4446,Ｌｉｎｋ－Ｕグループ,情報・通信業,20260930
4447,ピー・ビーシステムズ,情報・通信業,20260930
4448,ｋｕｂｅｌｌ,情報・通信業,20260930
444A,アイテル,卸売業,20260930
4450,パワーソリューションズ,情報・通信業,20260930
4452,花王,化学,20260930
445A,東洋コーポレーション,不動産業,20260930
4461,第一工業製薬,化学,20260930
4462,石原ケミカル,化学,20260930
4463,日華化学,化学,20260930
4464,ソフト９９コーポレーション,化学,20260930
4465,ニイタカ,化学,20260930
446A,ノースサンド,サービス業,20260930
4471,三洋化成工業,化学,20260930
4475,ＨＥＮＮＧＥ,情報・通信業,20260930
4476,ＡＩ　ＣＲＯＳＳ,情報・通信業,20260930
4477,ＢＡＳＥ,情報・通信業,20260930
4478,フリー,情報・通信業,20260930
4479,マクアケ,情報・通信業,20260930
4480,メドレー,情報・通信業,20260930
4481,ベース,情報・通信業,20260930
4482,ウィルズ,情報・通信業,20260930
4483,ＪＭＤＣ,情報・通信業,20260930
4484,ランサーズ,情報・通信業,20260930
4486,ユナイトアンドグロウ,情報・通信業,20260930
4487,スペースマーケット,情報・通信業,20260930
4488,ＡＩ　ｉｎｓｉｄｅ,情報・通信業,20260930
4490,ビザスク,情報・通信業,20260930
4491,コンピューターマネージメント,情報・通信業,20260930
4492,ゼネテック,情報・通信業,20260930
4493,サイバーセキュリティクラウド,情報・通信業,20260930
4495,アイキューブドシステムズ,情報・通信業,20260930
4496,コマースＯｎｅホールディングス,情報・通信業,20260930
4498,サイバートラスト,情報・通信業,20260930
4499,Ｓｐｅｅｅ,情報・通信業,20260930
4502,武田薬品工業,医薬品,20260930
4503,アステラス製薬,医薬品,20260930
4506,住友ファーマ,医薬品,20260930
4507,塩野義製薬,医薬品,20260930
4512,わかもと製薬,医薬品,20260930
4516,日本新薬,医薬品,20260930
4519,中外製薬,医薬品,20260930
4521,科研製薬,医薬品,20260930
4523,エーザイ,医薬品,20260930
4524,森下仁丹,医薬品,20260930
4526,理研ビタミン,食料品,20260930
4527,ロート製薬,医薬品,20260930
4528,小野薬品工業,医薬品,20260930
4531,有機合成薬品工業,化学,20260930
4534,持田製薬,医薬品,20260930
4536,参天製薬,医薬品,20260930
4538,扶桑薬品工業,医薬品,20260930
4539,日本ケミファ,医薬品,20260930
4540,ツムラ,医薬品,20260930
4543,テルモ,精密機器,20260930
4544,Ｈ．Ｕ．グループホールディングス,サービス業,20260930
4547,キッセイ薬品工業,医薬品,20260930
4548,生化学工業,医薬品,20260930
4549,栄研化学,医薬品,20260930
4552,ＪＣＲファーマ,医薬品,20260930
4553,東和薬品,医薬品,20260930
4554,富士製薬工業,医薬品,20260930
4558,中京医薬品,医薬品,20260930
4559,ゼリア新薬工業,医薬品,20260930
455A,バリューソフトホールディングス,情報・通信業,20260930
4563,アンジェス,医薬品,20260930
4564,オンコセラピー・サイエンス,医薬品,20260930
4565,ネクセラファーマ,医薬品,20260930
4568,第一三共,医薬品,20260930
4569,杏林製薬,医薬品,20260930
456A,ＨＵＭＡＮ　ＭＡＤＥ,小売業,20260930
4570,免疫生物研究所,医薬品,20260930
4571,ＮＡＮＯホールディングス,医薬品,20260930
4572,カルナバイオサイエンス,医薬品,20260930
4574,大幸薬品,医薬品,20260930
4575,キャンバス,医薬品,20260930
4576,デ・ウエスタン・セラピテクス研究所,医薬品,20260930
4577,ダイト,医薬品,20260930
4578,大塚ホールディングス,医薬品,20260930
4579,ラクオリア創薬,医薬品,20260930
457A,ルリアン,サービス業,20260930
4582,シンバイオ製薬,医薬品,20260930
4583,カイオム・バイオサイエンス,医薬品,20260930
4584,キッズウェル・バイオ,医薬品,20260930
4586,メドレックス,医薬品,20260930
4587,ペプチドリーム,医薬品,20260930
4588,オンコリスバイオファーマ,医薬品,20260930
458A,プラン・ドゥ,不動産業,20260930
4591,リボミック,医薬品,20260930
4592,サンバイオ,医薬品,20260930
4593,ヘリオス,医薬品,20260930
4594,ブライトパス・バイオ,医薬品,20260930
4595,ミズホメディー,医薬品,20260930
4596,窪田製薬ホールディングス,医薬品,20260930
4597,ソレイジア・ファーマ,医薬品,20260930
4598,Ｄｅｌｔａ－Ｆｌｙ　Ｐｈａｒｍａ,医薬品,20260930
4599,ステムリム,医薬品,20260930
460A,ＢＲＡＮＵ,情報・通信業,20260930
4611,大日本塗料,化学,20260930
4612,日本ペイントホールディングス,化学,20260930
4613,関西ペイント,化学,20260930
4615,神東塗料,化学,20260930
4616,川上塗料,化学,20260930
4617,中国塗料,化学,20260930
4619,日本特殊塗料,化学,20260930
4620,藤倉化成,化学,20260930
4623,アサヒペン,化学,20260930
4624,イサム塗料,化学,20260930
4625,アトミクス,化学,20260930
4626,太陽ホールディングス,化学,20260930
4627,ナトコ,化学,20260930
4628,エスケー化研,化学,20260930
4629,大伸化学,化学,20260930
462A,ＦＵＮＤＩＮＮＯ,証券、商品先物取引業,20260930
4631,ＤＩＣ,化学,20260930
4633,サカタインクス,化学,20260930
4634,ａｒｔｉｅｎｃｅ,化学,20260930
4635,東京インキ,化学,20260930
463A,インテリックスホールディングス,不動産業,20260930
4641,アルプス技研,サービス業,20260930
4642,オリジナル設計,サービス業,20260930
4644,イマジニア,情報・通信業,20260930
4645,市進ホールディングス,サービス業,20260930
464A,ＱＰＳホールディングス,情報・通信業,20260930
4650,ＳＤエンターテイメント,サービス業,20260930
4651,サニックスホールディングス,サービス業,20260930
4657,環境管理センター,サービス業,20260930
4658,日本空調サービス,サービス業,20260930
4661,オリエンタルランド,サービス業,20260930
4662,フォーカスシステムズ,情報・通信業,20260930
4664,アール・エス・シー,サービス業,20260930
4665,ダスキン,サービス業,20260930
4666,パーク２４,不動産業,20260930
4667,アイサンテクノロジー,情報・通信業,20260930
4668,明光ネットワークジャパン,サービス業,20260930
4671,ファルコホールディングス,サービス業,20260930
4673,川崎地質,サービス業,20260930
4674,クレスコ,情報・通信業,20260930
4676,フジ・メディア・ホールディングス,情報・通信業,20260930
4678,秀英予備校,サービス業,20260930
4679,田谷,サービス業,20260930
4680,ラウンドワン,サービス業,20260930
4681,リゾートトラスト,サービス業,20260930
4684,オービック,情報・通信業,20260930
4685,菱友システムズ,情報・通信業,20260930
4686,ジャストシステム,情報・通信業,20260930
4687,ＴＤＣソフト,情報・通信業,20260930
4689,ＬＩＮＥヤフー,情報・通信業,20260930
4691,ワシントンホテル,サービス業,20260930
4694,ビー・エム・エル,サービス業,20260930
469A,フィットクルー,サービス業,20260930
4704,トレンドマイクロ,情報・通信業,20260930
4705,クリップコーポレーション,サービス業,20260930
4707,キタック,サービス業,20260930
4709,ＩＤホールディングス,情報・通信業,20260930
470A,ローカル,小売業,20260930
4712,ＫｅｙＨｏｌｄｅｒ,サービス業,20260930
4714,リソー教育グループ,サービス業,20260930
4716,日本オラクル,情報・通信業,20260930
4718,早稲田アカデミー,サービス業,20260930
4719,アルファシステムズ,情報・通信業,20260930
471A,ＮＳグループ,その他金融業,20260930
4720,城南進学研究社,サービス業,20260930
4722,フューチャー,情報・通信業,20260930
4725,ＣＡＣ　Ｈｏｌｄｉｎｇｓ,情報・通信業,20260930
4728,トーセ,情報・通信業,20260930
472A,ミラティブ,情報・通信業,20260930
4732,ユー・エス・エス,サービス業,20260930
4733,オービックビジネスコンサルタント,情報・通信業,20260930
4735,京進,サービス業,20260930
4736,日本ラッド,情報・通信業,20260930
4743,アイティフォー,情報・通信業,20260930
4746,東計電算,情報・通信業,20260930
4750,ダイサン,サービス業,20260930
4751,サイバーエージェント,サービス業,20260930
4752,昭和システムエンジニアリング,情報・通信業,20260930
4754,トスネット,サービス業,20260930
4755,楽天グループ,サービス業,20260930
475A,ギミック,サービス業,20260930
4760,アルファ,サービス業,20260930
4761,さくらケーシーエス,情報・通信業,20260930
4762,エックスネット,情報・通信業,20260930
4763,クリーク・アンド・リバー社,サービス業,20260930
4765,ＳＢＩグローバルアセットマネジメント,サービス業,20260930
4766,ピーエイ,サービス業,20260930
4767,テー・オー・ダブリュー,サービス業,20260930
4768,大塚商会,情報・通信業,20260930
4769,ＩＣ,情報・通信業,20260930
476A,辻・本郷ＩＴコンサルティング,情報・通信業,20260930
4771,エフアンドエム,サービス業,20260930
4772,ＳＭ　ＥＮＴＥＲＴＡＩＮＭＥＮＴ　ＪＡＰＡＮ,情報・通信業,20260930
4776,サイボウズ,情報・通信業,20260930
4777,ガーラ,情報・通信業,20260930
477A,スタートライン,サービス業,20260930
4783,ＮＣＤ,情報・通信業,20260930
4784,ＧＭＯインターネット,サービス業,20260930
478A,フツパー,情報・通信業,20260930
4792,山田コンサルティンググループ,サービス業,20260930
479A,ＰＲＯＮＩ,情報・通信業,20260930
4801,セントラルスポーツ,サービス業,20260930
4809,パラカ,不動産業,20260930
480A,リブ・コンサルティング,サービス業,20260930
4811,ドリーム・アーツ,情報・通信業,20260930
4812,電通総研,情報・通信業,20260930
4813,ＡＣＣＥＳＳ,情報・通信業,20260930
4814,ネクストウェア,情報・通信業,20260930
4816,東映アニメーション,情報・通信業,20260930
4819,デジタルガレージ,情報・通信業,20260930
481A,ＪＳｅｃｕｒｉｔｙ,情報・通信業,20260930
4820,イーエムシステムズ,情報・通信業,20260930
4825,ウェザーニューズ,情報・通信業,20260930
4826,ＣＩＪ,情報・通信業,20260930
4828,ビジネスエンジニアリング,情報・通信業,20260930
4829,日本エンタープライズ,情報・通信業,20260930
4832,ＪＦＥシステムズ,情報・通信業,20260930
4833,Ｄｅｆ　ｃｏｎｓｕｌｔｉｎｇ,サービス業,20260930
4838,スペースシャワーＳＫＩＹＡＫＩホールディングス,情報・通信業,20260930
4839,ＷＯＷＯＷ,情報・通信業,20260930
483A,テラテクノロジー,情報・通信業,20260930
4840,トライアイズ,サービス業,20260930
4845,スカラ,情報・通信業,20260930
4847,インテリジェント　ウェイブ,情報・通信業,20260930
4848,フルキャストホールディングス,サービス業,20260930
4849,エン,サービス業,20260930
484A,ニューズドテック,小売業,20260930
485A,パワーエックス,電気機器,20260930
4875,メディシノバ・インク,医薬品,20260930
4880,セルソース,医薬品,20260930
4881,ファンペップ,医薬品,20260930
4882,ペルセウスプロテオミクス,医薬品,20260930
4883,モダリス,医薬品,20260930
4884,クリングルファーマ,医薬品,20260930
4885,室町ケミカル,医薬品,20260930
4886,あすか製薬ホールディングス,医薬品,20260930
4887,サワイグループホールディングス,医薬品,20260930
4888,ステラファーマ,医薬品,20260930
4889,レナサイエンス,医薬品,20260930
4890,坪田ラボ,医薬品,20260930
4891,ティムス,医薬品,20260930
4892,サイフューズ,医薬品,20260930
4893,ノイルイミューン・バイオテック,医薬品,20260930
4894,クオリプス,医薬品,20260930
4896,ケイファーマ,医薬品,20260930
4901,富士フイルムホールディングス,化学,20260930
4902,コニカミノルタ,電気機器,20260930
490A,センス・トラスト,不動産業,20260930
4911,資生堂,化学,20260930
4912,ライオン,化学,20260930
4914,高砂香料工業,化学,20260930
4918,アイビー化粧品,化学,20260930
4919,ミルボン,化学,20260930
4920,日本色材工業研究所,化学,20260930
4922,コーセーホールディングス,化学,20260930
4923,コタ,化学,20260930
4925,ハーバー研究所,化学,20260930
4926,シーボン,化学,20260930
4927,ポーラ・オルビスホールディングス,化学,20260930
4928,ノエビアホールディングス,化学,20260930
4929,アジュバンホールディングス,化学,20260930
4931,新日本製薬,化学,20260930
4932,アルマード,化学,20260930
4933,Ｉ－ｎｅ,化学,20260930
4934,プレミアアンチエイジング,化学,20260930
4935,リベルタ,化学,20260930
4936,アクシージア,化学,20260930
4937,Ｗａｑｏｏ,化学,20260930
4951,エステー,化学,20260930
4956,コニシ,化学,20260930
4958,長谷川香料,化学,20260930
4960,ケミプロ化成,化学,20260930
4966,上村工業,化学,20260930
4967,小林製薬,化学,20260930
4968,荒川化学工業,化学,20260930
4970,東洋合成工業,化学,20260930
4971,メック,化学,20260930
4972,綜研化学,化学,20260930
4973,日本高純度化学,化学,20260930
4975,ＪＣＵ,化学,20260930
4976,東洋ドライルーブ,化学,20260930
4977,新田ゼラチン,化学,20260930
4978,リプロセル,化学,20260930
4979,ＯＡＴアグリオ,化学,20260930
4980,デクセリアルズ,化学,20260930
4985,アース製薬,化学,20260930
4990,昭和化学工業,化学,20260930
4992,北興化学工業,化学,20260930
4994,大成ラミックグループ,化学,20260930
4996,クミアイ化学工業,化学,20260930
4997,日本農薬,化学,20260930
4998,フマキラー,化学,20260930
500A,ＴＯブックス,情報・通信業,20260930
5010,日本精蝋,石油・石炭製品,20260930
5011,ニチレキグループ,石油・石炭製品,20260930
5013,ユシロ,石油・石炭製品,20260930
5015,ビーピー・カストロール,石油・石炭製品,20260930
5016,ＪＸ金属,非鉄金属,20260930
5018,ＭＯＲＥＳＣＯ,石油・石炭製品,20260930
5019,出光興産,石油・石炭製品,20260930
501A,プレシャスパートナーズ,サービス業,20260930
5020,ＥＮＥＯＳホールディングス,石油・石炭製品,20260930
5021,コスモエネルギーホールディングス,石油・石炭製品,20260930
5025,マーキュリー,情報・通信業,20260930
5026,トリプルアイズ,情報・通信業,20260930
5027,ＡｎｙＭｉｎｄ　Ｇｒｏｕｐ,情報・通信業,20260930
5028,セカンドサイトアナリティカ,情報・通信業,20260930
5029,サークレイス,情報・通信業,20260930
5031,モイ,情報・通信業,20260930
5032,ＡＮＹＣＯＬＯＲ,情報・通信業,20260930
5033,ヌーラボ,情報・通信業,20260930
5034,ｕｎｅｒｒｙ,情報・通信業,20260930
5035,ＨＯＵＳＥＩ,情報・通信業,20260930
5036,日本ビジネスシステムズ,情報・通信業,20260930
5037,フィットワークス,情報・通信業,20260930
5038,ｅＷｅＬＬ,情報・通信業,20260930
503A,ベルチャイルド,情報・通信業,20260930
504A,イノバセル,医薬品,20260930
505A,ギークリー,サービス業,20260930
506A,シンカナース,サービス業,20260930
5071,ヴィス,サービス業,20260930
5072,アートフォースジャパン,建設業,20260930
5074,テスホールディングス,建設業,20260930
5076,インフロニア・ホールディングス,建設業,20260930
50765,インフロニア・ホールディングス第１回社債型種類株式,建設業,20260930
5077,ハンズ,建設業,20260930
5078,セレコーポレーション,建設業,20260930
5079,ノバック,建設業,20260930
507A,デジタル・ナレッジ,情報・通信業,20260930
5101,横浜ゴム,ゴム製品,20260930
5105,ＴＯＹＯ　ＴＩＲＥ,ゴム製品,20260930
5108,ブリヂストン,ゴム製品,20260930
510A,ハートアップ,サービス業,20260930
5110,住友ゴム工業,ゴム製品,20260930
511A,ヴァンガードスミス,サービス業,20260930
5121,藤倉コンポジット,ゴム製品,20260930
5122,オカモト,ゴム製品,20260930
5125,ファインズ,情報・通信業,20260930
5126,ポーターズ,情報・通信業,20260930
5129,ＦＩＸＥＲ,情報・通信業,20260930
5130,ヒロホールディングス,情報・通信業,20260930
5131,リンカーズ,情報・通信業,20260930
5132,ｐｌｕｓｚｅｒｏ,情報・通信業,20260930
5133,テリロジーホールディングス,情報・通信業,20260930
5134,ＰＯＰＥＲ,情報・通信業,20260930
5135,ＡＩＲ－Ｕ,情報・通信業,20260930
5136,ｔｒｉｐｌａ,情報・通信業,20260930
5137,スマートドライブ,情報・通信業,20260930
5138,Ｒｅｂａｓｅ,情報・通信業,20260930
5139,オープンワーク,情報・通信業,20260930
5142,アキレス,化学,20260930
514A,孫の手,サービス業,20260930
5161,西川ゴム工業,ゴム製品,20260930
5162,朝日ラバー,ゴム製品,20260930
5184,ニチリン,ゴム製品,20260930
5185,フコク,ゴム製品,20260930
5186,ニッタ,ゴム製品,20260930
5187,クリエートメディック,精密機器,20260930
5189,櫻護謨,ゴム製品,20260930
5192,三ツ星ベルト,ゴム製品,20260930
5194,相模ゴム工業,ゴム製品,20260930
5195,バンドー化学,ゴム製品,20260930
5199,不二ラテックス,ゴム製品,20260930
519A,ベーシック,情報・通信業,20260930
5201,ＡＧＣ,ガラス・土石製品,20260930
5204,石塚硝子,ガラス・土石製品,20260930
5208,有沢製作所,化学,20260930
520A,ジェイファーマ,医薬品,20260930
5210,日本山村硝子,ガラス・土石製品,20260930
5214,日本電気硝子,ガラス・土石製品,20260930
5216,倉元製作所,ガラス・土石製品,20260930
5218,オハラ,ガラス・土石製品,20260930
522A,ＣＯＥＬ,情報・通信業,20260930
5232,住友大阪セメント,ガラス・土石製品,20260930
5233,太平洋セメント,ガラス・土石製品,20260930
5237,ノザワ,ガラス・土石製品,20260930
523A,セイワホールディングス,金属製品,20260930
5240,ｍｏｎｏＡＩ　ｔｅｃｈｎｏｌｏｇｙ,情報・通信業,20260930
5242,アイズ,情報・通信業,20260930
5243,ｎｏｔｅ,情報・通信業,20260930
5244,ｊｉｇ．ｊｐ,情報・通信業,20260930
5246,ＥＬＥＭＥＮＴＳ,情報・通信業,20260930
5247,ＢＴＭ,情報・通信業,20260930
5248,テクノロジーズ,情報・通信業,20260930
5249,あさかわシステムズ,情報・通信業,20260930
524A,田村ビルズグループ,不動産業,20260930
5250,ＧＭＯプライム・ストラテジー,情報・通信業,20260930
5251,ウイズ・ワン,情報・通信業,20260930
5252,日本ナレッジ,情報・通信業,20260930
5253,カバー,情報・通信業,20260930
5254,Ａｒｅｎｔ,情報・通信業,20260930
5255,モンスターラボ,情報・通信業,20260930
5256,Ｆｕｓｉｃ,情報・通信業,20260930
5257,ノバシステム,情報・通信業,20260930
5258,トランザクション・メディア・ネットワークス,情報・通信業,20260930
525A,ｍａｎｅｂｉ,情報・通信業,20260930
5261,リソルホールディングス,サービス業,20260930
5262,日本ヒューム,ガラス・土石製品,20260930
5268,旭コンクリート工業,ガラス・土石製品,20260930
5269,日本コンクリート工業,ガラス・土石製品,20260930
5271,トーヨーアサノ,ガラス・土石製品,20260930
5273,三谷セキサン,ガラス・土石製品,20260930
5279,日本興業,ガラス・土石製品,20260930
527A,ＮＯＳＥ　ＳＨＯＰ,小売業,20260930
5280,ヨシコン,不動産業,20260930
5282,ジオスター,ガラス・土石製品,20260930
5283,高見澤,卸売業,20260930
5284,ヤマウホールディングス,ガラス・土石製品,20260930
5285,ヤマックス,ガラス・土石製品,20260930
5287,イトーヨーギョー,ガラス・土石製品,20260930
5288,アジアパイルホールディングス,ガラス・土石製品,20260930
528A,フリースタイル,情報・通信業,20260930
5290,ベルテクスコーポレーション,ガラス・土石製品,20260930
5301,東海カーボン,ガラス・土石製品,20260930
5302,日本カーボン,ガラス・土石製品,20260930
5304,ＳＥＣカーボン,ガラス・土石製品,20260930
5310,東洋炭素,ガラス・土石製品,20260930
5331,ノリタケ,ガラス・土石製品,20260930
5332,ＴＯＴＯ,ガラス・土石製品,20260930
5333,ＮＧＫ,ガラス・土石製品,20260930
5334,日本特殊陶業,ガラス・土石製品,20260930
5337,ダントーホールディングス,ガラス・土石製品,20260930
5341,ＡＳＡＨＩ　ＥＩＴＯホールディングス,ガラス・土石製品,20260930
5344,ＭＡＲＵＷＡ,ガラス・土石製品,20260930
5351,品川リフラ,ガラス・土石製品,20260930
5355,日本坩堝,ガラス・土石製品,20260930
5356,美濃窯業,ガラス・土石製品,20260930
5357,ヨータイ,ガラス・土石製品,20260930
5363,東京窯業,ガラス・土石製品,20260930
5367,ニッカトー,ガラス・土石製品,20260930
5368,日本インシュレーション,ガラス・土石製品,20260930
5380,新東,ガラス・土石製品,20260930
5381,マイポックス,ガラス・土石製品,20260930
5384,フジミインコーポレーテッド,ガラス・土石製品,20260930
5388,クニミネ工業,ガラス・土石製品,20260930
5391,エーアンドエーマテリアル,ガラス・土石製品,20260930
5393,ニチアス,ガラス・土石製品,20260930
5401,日本製鉄,鉄鋼,20260930
5406,神戸製鋼所,鉄鋼,20260930
5408,中山製鋼所,鉄鋼,20260930
5410,合同製鐵,鉄鋼,20260930
5411,ＪＦＥホールディングス,鉄鋼,20260930
5423,東京製鐵,鉄鋼,20260930
542A,ビタブリッドジャパン,化学,20260930
543A,ＡＲＣＨＩＯＮ,輸送用機器,20260930
5440,共英製鋼,鉄鋼,20260930
5444,大和工業,鉄鋼,20260930
5445,東京鐵鋼,鉄鋼,20260930
5446,北越メタル,鉄鋼,20260930
5449,大阪製鐵,鉄鋼,20260930
544A,ＧＭＳグループ,機械,20260930
5451,ヨドコウ,鉄鋼,20260930
5458,高砂鐵工,鉄鋼,20260930
545A,トランヴィア,情報・通信業,20260930
5461,中部鋼鈑,鉄鋼,20260930
5463,丸一鋼管,鉄鋼,20260930
5464,モリ工業,鉄鋼,20260930
546A,ＭＩＲＡＩＮＩホールディングス,卸売業,20260930
5471,大同特殊鋼,鉄鋼,20260930
547A,ムニノバホールディングス,その他金融業,20260930
5480,日本冶金工業,鉄鋼,20260930
5482,愛知製鋼,鉄鋼,20260930
5484,東北特殊鋼,鉄鋼,20260930
548A,システムエグゼ,情報・通信業,20260930
5491,日本金属,鉄鋼,20260930
549A,ヒトトヒトホールディングス,サービス業,20260930
550A,ソフトテックス,情報・通信業,20260930
551A,ＩＺＵＭＩグループ,サービス業,20260930
5525,フロンティアホールディングス,不動産業,20260930
5527,ｐｒｏｐｅｒｔｙ　ｔｅｃｈｎｏｌｏｇｉｅｓ,不動産業,20260930
5528,フロンティアハウス,不動産業,20260930
5531,エヌバイテクノロジーズ,不動産業,20260930
5532,リアルゲイト,不動産業,20260930
5533,エリッツホールディングス,不動産業,20260930
5534,エンゼルグループ,不動産業,20260930
5535,ミガロホールディングス,不動産業,20260930
5536,京橋アートレジデンス,不動産業,20260930
5537,ＡｌｂａＬｉｎｋ,不動産業,20260930
5541,大平洋金属,鉄鋼,20260930
5542,新報国マテリアル,鉄鋼,20260930
554A,バトンズ,情報・通信業,20260930
555A,北王ＧＲＯＵＰ,陸運業,20260930
5563,新日本電工,鉄鋼,20260930
556A,犬猫生活,小売業,20260930
5570,ジェノバ,情報・通信業,20260930
5571,エキサイトホールディングス,情報・通信業,20260930
5572,Ｒｉｄｇｅ－ｉ,情報・通信業,20260930
5573,働楽ホールディングス,情報・通信業,20260930
5574,ＡＢＥＪＡ,情報・通信業,20260930
5575,Ｇｌｏｂｅｅ,情報・通信業,20260930
5576,オービーシステム,情報・通信業,20260930
5578,ＡＲアドバンストテクノロジ,情報・通信業,20260930
557A,フェリエスト,サービス業,20260930
5580,プロディライト,情報・通信業,20260930
5581,カイテクノロジー,情報・通信業,20260930
5582,グリッド,情報・通信業,20260930
5584,Ｓｔｒａｗｂｅｒｒｙ　ｊａｍｓ,情報・通信業,20260930
5586,Ｌａｂｏｒｏ．ＡＩ,情報・通信業,20260930
5587,インバウンドプラットフォーム,情報・通信業,20260930
5588,ファーストアカウンティング,情報・通信業,20260930
5589,オートサーバー,情報・通信業,20260930
558A,ＳＱＵＥＥＺＥ,サービス業,20260930
5590,ネットスターズ,情報・通信業,20260930
5591,ＡＶＩＬＥＮ,情報・通信業,20260930
5592,くすりの窓口,情報・通信業,20260930
5594,エム・デー・ビー,情報・通信業,20260930
5597,ブルーイノベーション,情報・通信業,20260930
5598,Ｙｏｔｔａｖｉａｓ,情報・通信業,20260930
5599,Ｓ＆Ｊ,情報・通信業,20260930
559A,梅乃宿酒造,食料品,20260930
5602,栗本鐵工所,鉄鋼,20260930
5603,虹技,鉄鋼,20260930
5609,日本鋳造,鉄鋼,20260930
560A,オカダコーポレーション,小売業,20260930
5612,日本鋳鉄管,鉄鋼,20260930
5616,雨風太陽,情報・通信業,20260930
5618,ナイル,情報・通信業,20260930
5619,マーソ,情報・通信業,20260930
561A,マークスライフ,不動産業,20260930
5620,エスピーオー,情報・通信業,20260930
5621,ヒューマンテクノロジーズ,情報・通信業,20260930
5622,ワンビ,情報・通信業,20260930
562A,寶結,情報・通信業,20260930
5631,日本製鋼所,機械,20260930
5632,三菱製鋼,鉄鋼,20260930
5644,メタルアート,鉄鋼,20260930
5658,日亜鋼業,鉄鋼,20260930
5659,日本精線,鉄鋼,20260930
565A,ＦＦＦホールディングス,卸売業,20260930
567A,ディープラス,卸売業,20260930
5695,パウダーテック,鉄鋼,20260930
5697,サンユウ,鉄鋼,20260930
5698,エンビプロ・ホールディングス,鉄鋼,20260930
5699,イボキン,鉄鋼,20260930
5702,大紀アルミニウム工業所,非鉄金属,20260930
5703,日本軽金属ホールディングス,非鉄金属,20260930
5704,ＪＭＣ,非鉄金属,20260930
5706,三井金属,非鉄金属,20260930
5707,東邦亜鉛,非鉄金属,20260930
5711,三菱マテリアル,非鉄金属,20260930
5713,住友金属鉱山,非鉄金属,20260930
5714,ＤＯＷＡホールディングス,非鉄金属,20260930
5715,古河機械金属,非鉄金属,20260930
5721,エスクリプトエナジー,非鉄金属,20260930
5724,アサカ理研,非鉄金属,20260930
5726,大阪チタニウムテクノロジーズ,非鉄金属,20260930
5729,日本精鉱,非鉄金属,20260930
5741,ＵＡＣＪ,非鉄金属,20260930
5742,エヌアイシ・オートテック,非鉄金属,20260930
574A,ＬＡＳＳＩＣ,情報・通信業,20260930
5753,日本伸銅,非鉄金属,20260930
5757,ＣＫサンエツ,非鉄金属,20260930
575A,前澤ホールディングス,機械,20260930
5801,古河電気工業,非鉄金属,20260930
5802,住友電気工業,非鉄金属,20260930
5803,フジクラ,非鉄金属,20260930
5805,ＳＷＣＣ,非鉄金属,20260930
5816,オーナンバ,非鉄金属,20260930
5817,ＪＭＡＣＳ,非鉄金属,20260930
5819,カナレ電気,非鉄金属,20260930
581A,ＧＯ,情報・通信業,20260930
5820,三ッ星,非鉄金属,20260930
5821,平河ヒューテック,非鉄金属,20260930
5830,いよぎんホールディングス,銀行業,20260930
5831,しずおかフィナンシャルグループ,銀行業,20260930
5832,ちゅうぎんフィナンシャルグループ,銀行業,20260930
5834,ＳＢＩリーシングサービス,証券、商品先物取引業,20260930
5838,楽天銀行,銀行業,20260930
583A,不動産流通システム,不動産業,20260930
5840,日本総険,保険業,20260930
5842,インテグラル,証券、商品先物取引業,20260930
5843,ニッポンインシュア,その他金融業,20260930
5844,京都フィナンシャルグループ,銀行業,20260930
5845,全保連,その他金融業,20260930
584A,ＬｉＮＫＸ,情報・通信業,20260930
5851,リョービ,非鉄金属,20260930
5852,アーレスティ,非鉄金属,20260930
5857,ＡＲＥホールディングス,非鉄金属,20260930
5858,ＳＴＧ,非鉄金属,20260930
5866,ＷｉｚＢｉｚ,サービス業,20260930
5867,エスネットワークス,サービス業,20260930
5868,ロココ,サービス業,20260930
5869,早稲田学習研究会,サービス業,20260930
5870,ナルネットコミュニケーションズ,サービス業,20260930
5871,ＳＯＬＩＺＥ　Ｈｏｌｄｉｎｇｓ,サービス業,20260930
5884,クラダシ,小売業,20260930
5885,ジーデップ・アドバンス,卸売業,20260930
5886,ＯＯＫＡＢＥ　ＧＬＡＳＳ,卸売業,20260930
5887,光響,卸売業,20260930
5888,ＤＡＩＷＡ　ＣＹＣＬＥ,小売業,20260930
5889,Ｊａｐａｎ　Ｅｙｅｗｅａｒ　Ｈｏｌｄｉｎｇｓ,小売業,20260930
5890,オフィスバスターズ,小売業,20260930
5891,ＳＡＫＩＧＡＫＥホールディングス,小売業,20260930
5892,ｙｕｔｏｒｉ,小売業,20260930
5893,ＲＡＶＩＰＡ,小売業,20260930
589A,ネイス,サービス業,20260930
5900,ダイケン,金属製品,20260930
5901,東洋製罐グループホールディングス,金属製品,20260930
5902,ホッカンホールディングス,金属製品,20260930
5905,日本製罐,金属製品,20260930
5906,エムケー精工,金属製品,20260930
5909,コロナ,金属製品,20260930
590A,ギフティグループ,情報・通信業,20260930
5911,横河ブリッジホールディングス,金属製品,20260930
5915,駒井ハルテック,金属製品,20260930
5918,瀧上工業,金属製品,20260930
591A,西條,小売業,20260930
5921,川岸工業,金属製品,20260930
5922,那須電機鉄工,金属製品,20260930
5923,高田機工,金属製品,20260930
5928,アルメタックス,金属製品,20260930
5929,三和ホールディングス,金属製品,20260930
5930,文化シヤッター,金属製品,20260930
5932,三協立山,金属製品,20260930
5933,アルインコ,金属製品,20260930
5936,東洋シヤッター,金属製品,20260930
5938,ＬＩＸＩＬ,金属製品,20260930
5939,大谷工業,金属製品,20260930
593A,ティアフォー,情報・通信業,20260930
5940,不二サッシ,金属製品,20260930
5941,中西製作所,金属製品,20260930
5942,日本フイルコン,金属製品,20260930
5943,ノーリツ,金属製品,20260930
5945,天龍製鋸,金属製品,20260930
5946,長府製作所,金属製品,20260930
5947,リンナイ,金属製品,20260930
5949,ユニプレス,輸送用機器,20260930
594A,ＰＲＯ　ＨＯＬＤＩＮＧＳ,建設業,20260930
5950,日本パワーファスニング,金属製品,20260930
5951,ダイニチ工業,金属製品,20260930
5952,アマテイ,金属製品,20260930
5955,ワイズホールディングス,金属製品,20260930
5956,トーソー,金属製品,20260930
5957,日東精工,金属製品,20260930
5958,三洋工業,金属製品,20260930
5959,岡部,金属製品,20260930
595A,不二興産,不動産業,20260930
5962,浅香工業,その他製品,20260930
5965,フジマック,金属製品,20260930
5966,京都機械工具,金属製品,20260930
5967,ＴＯＮＥ,金属製品,20260930
5969,ロブテックス,金属製品,20260930
5970,ジーテクト,金属製品,20260930
5971,共和工業所,金属製品,20260930
5973,トーアミ,金属製品,20260930
5974,中国工業,金属製品,20260930
5975,東プレ,金属製品,20260930
5976,高周波熱錬,金属製品,20260930
597A,ａｎｄ　ＵＳ,化学,20260930
5981,東京製綱,金属製品,20260930
5982,マルゼン,金属製品,20260930
5983,イワブチ,金属製品,20260930
5984,兼房,金属製品,20260930
5985,サンコール,金属製品,20260930
5986,モリテック　スチール,金属製品,20260930
5987,オーネックス,金属製品,20260930
5988,パイオラックス,金属製品,20260930
5989,エイチワン,金属製品,20260930
598A,チャットプラス,情報・通信業,20260930
5990,スーパーツール,金属製品,20260930
5991,日本発條,金属製品,20260930
5992,中央発條,金属製品,20260930
5994,ファインシンター,金属製品,20260930
5997,協立エアテック,金属製品,20260930
5998,アドバネクス,金属製品,20260930
599A,元気な介護,サービス業,20260930
6005,三浦工業,機械,20260930
6013,タクマ,機械,20260930
6016,ジャパンエンジンコーポレーション,輸送用機器,20260930
6018,阪神内燃機工業,輸送用機器,20260930
601A,ラックス建設,建設業,20260930
6022,赤阪鐵工所,機械,20260930
6023,ダイハツインフィニアース,輸送用機器,20260930
6027,弁護士ドットコム,サービス業,20260930
6029,アトラグループ,サービス業,20260930
602A,レックスアドバイザーズ,サービス業,20260930
6030,アドベンチャー,サービス業,20260930
6031,ＺＥＴＡ,サービス業,20260930
6033,エクストリーム,サービス業,20260930
6034,ＭＲＴ,サービス業,20260930
6035,アイ・アールジャパンホールディングス,サービス業,20260930
6036,ＫｅｅＰｅｒ技研,サービス業,20260930
6037,楽待,サービス業,20260930
6038,イード,サービス業,20260930
6039,日本動物高度医療センター,サービス業,20260930
603A,アイ・グリッド・ソリューションズ,電気・ガス業,20260930
6040,日本スキー場開発,サービス業,20260930
6042,ニッキ,輸送用機器,20260930
6044,三機サービス,サービス業,20260930
6045,レントラックス,サービス業,20260930
6046,リンクバル,サービス業,20260930
6047,Ｇｕｎｏｓｙ,サービス業,20260930
6049,イトクロ,サービス業,20260930
604A,ビーエイブル,建設業,20260930
6050,イー・ガーディアン,サービス業,20260930
6054,リブセンス,サービス業,20260930
6055,ジャパンマテリアル,サービス業,20260930
6058,ベクトル,サービス業,20260930
6059,ウチヤマホールディングス,サービス業,20260930
6061,ユニバーサル園芸社,サービス業,20260930
6062,チャーム・ケア・コーポレーション,サービス業,20260930
6063,日本エマージェンシーアシスタンス,サービス業,20260930
6069,トレンダーズ,サービス業,20260930
6070,キャリアリンク,サービス業,20260930
6071,ＩＢＪ,サービス業,20260930
6072,地盤ネットホールディングス,サービス業,20260930
6073,アサンテ,サービス業,20260930
6074,ジェイエスエス,サービス業,20260930
6078,バリューＨＲ,サービス業,20260930
607A,エブリー,サービス業,20260930
6080,Ｍ＆Ａキャピタルパートナーズ,サービス業,20260930
6081,アライドアーキテクツ,サービス業,20260930
6082,ライドオンエクスプレスホールディングス,サービス業,20260930
6083,ＥＲＩホールディングス,サービス業,20260930
6085,アーキテクツ・スタジオ・ジャパン,サービス業,20260930
6086,シンメンテホールディングス,サービス業,20260930
6087,アビスト,サービス業,20260930
6088,シグマクシス・ホールディングス,サービス業,20260930
6089,ウィルグループ,サービス業,20260930
6090,ヒューマン・メタボローム・テクノロジーズ,サービス業,20260930
6091,ウエスコホールディングス,サービス業,20260930
6092,エンバイオ・ホールディングス,サービス業,20260930
6093,ミトラグループ,サービス業,20260930
6094,フリークアウト・ホールディングス,サービス業,20260930
6098,リクルートホールディングス,サービス業,20260930
6099,エラン,サービス業,20260930
6101,ツガミ,機械,20260930
6103,オークマ,機械,20260930
6104,芝浦機械,機械,20260930
6113,アマダ,機械,20260930
6118,アイダエンジニアリング,機械,20260930
6125,岡本工作機械製作所,機械,20260930
6134,ＦＵＪＩ,機械,20260930
6135,牧野フライス製作所,機械,20260930
6136,オーエスジー,機械,20260930
6137,小池酸素工業,機械,20260930
6138,ダイジェット工業,機械,20260930
6140,旭ダイヤモンド工業,機械,20260930
6141,ＤＭＧ森精機,機械,20260930
6143,ソディック,機械,20260930
6144,西部電機,機械,20260930
6145,ＮＩＴＴＯＫＵ,機械,20260930
6146,ディスコ,機械,20260930
6147,ヤマザキ,機械,20260930
6149,小田原エンジニアリング,機械,20260930
614A,山八商事,不動産業,20260930
6150,タケダ機械,機械,20260930
6151,日東工器,機械,20260930
6155,高松機械工業,機械,20260930
6156,エーワン精密,機械,20260930
6157,日進工具,機械,20260930
6158,和井田製作所,機械,20260930
6159,ミクロン精密,機械,20260930
615A,インターパーク,情報・通信業,20260930
6161,エスティック,機械,20260930
6165,パンチ工業,機械,20260930
6166,中村超硬,機械,20260930
6167,冨士ダイス,機械,20260930
6168,ＯＮＥ　ＧＲＯＵＰ,機械,20260930
616A,数理技研,情報・通信業,20260930
6171,土木管理総合試験所,サービス業,20260930
6174,デンタス,サービス業,20260930
6176,ブランジスタ,サービス業,20260930
6177,ＡｐｐＢａｎｋ,サービス業,20260930
6178,日本郵政,サービス業,20260930
617A,レイシャス,不動産業,20260930
6180,ＧＭＯメディア,サービス業,20260930
6181,タメニー,サービス業,20260930
6182,メタリアル,サービス業,20260930
6183,ベルシステム２４ホールディングス,サービス業,20260930
6184,鎌倉新書,サービス業,20260930
6185,ＳＭＮ,サービス業,20260930
6186,一蔵,サービス業,20260930
6189,グローバルキッズＣＯＭＰＡＮＹ,サービス業,20260930
618A,ＫＯＭＰＥＩＴＯ,サービス業,20260930
6190,フェニックスバイオ,サービス業,20260930
6191,エアトリ,サービス業,20260930
6193,バーチャレクス・ホールディングス,サービス業,20260930
6194,アトラエ,サービス業,20260930
6195,ホープ,サービス業,20260930
6196,ストライクグループ,サービス業,20260930
6198,キャリア,サービス業,20260930
6199,セラク,情報・通信業,20260930
619A,オリバー,その他製品,20260930
6200,インソース,サービス業,20260930
6203,豊和工業,機械,20260930
6208,石川製作所,機械,20260930
6209,リケンＮＰＲ,機械,20260930
620A,応研,情報・通信業,20260930
6217,津田駒工業,機械,20260930
6218,エンシュウ,機械,20260930
621A,オーディオストック,サービス業,20260930
6222,島精機製作所,機械,20260930
6223,西部技研,機械,20260930
6224,ＪＲＣ,機械,20260930
6226,守谷輸送機工業,機械,20260930
6227,ＡＩメカテック,機械,20260930
6228,ジェイ・イー・ティ,機械,20260930
6229,オーケーエム,機械,20260930
622A,テクノクラフト,情報・通信業,20260930
6230,ＳＡＮＥＩ,機械,20260930
6231,木村工機,機械,20260930
6232,ＡＣＳＬ,機械,20260930
6233,ＫＬＡＳＳ,機械,20260930
6235,オプトラン,機械,20260930
6237,イワキポンプ,機械,20260930
6238,フリュー,機械,20260930
6239,ナガオカ,機械,20260930
623A,ベルテックス,不動産業,20260930
6240,ヤマシンフィルタ,機械,20260930
6245,ヒラノテクシード,機械,20260930
6246,テクノスマート,機械,20260930
6247,日阪製作所,機械,20260930
6248,横田製作所,機械,20260930
6249,ゲームカードホールディングス,機械,20260930
6250,やまびこ,機械,20260930
6254,野村マイクロ・サイエンス,機械,20260930
6255,エヌ・ピー・シー,機械,20260930
6257,藤商事,機械,20260930
6258,平田機工,機械,20260930
625A,Ｓｋｙｆａｌｌ,サービス業,20260930
6262,ＰＥＧＡＳＵＳ,機械,20260930
6264,マルマエ,機械,20260930
6265,コンバム,機械,20260930
6266,タツモ,機械,20260930
6267,ゼネラルパッカー,機械,20260930
6268,ナブテスコ,機械,20260930
6269,三井海洋開発,機械,20260930
6272,レオン自動機,機械,20260930
6273,ＳＭＣ,機械,20260930
6276,シリウスビジョン,電気機器,20260930
6277,ホソカワミクロン,機械,20260930
6278,ユニオンツール,機械,20260930
6279,瑞光,機械,20260930
627A,ａｋｉｐｐａ,情報・通信業,20260930
6282,オイレス工業,機械,20260930
6284,日精エー・エス・ビー機械,機械,20260930
6286,靜甲,機械,20260930
6287,サトー,機械,20260930
6289,技研製作所,機械,20260930
628A,カドー,電気機器,20260930
6291,日本エアーテック,機械,20260930
6292,カワタ,機械,20260930
6294,オカダアイヨン,機械,20260930
6298,ワイエイシイホールディングス,機械,20260930
6301,小松製作所,機械,20260930
6302,住友重機械工業,機械,20260930
6305,日立建機,機械,20260930
6306,日工,機械,20260930
6307,サンセイ,機械,20260930
6309,巴工業,機械,20260930
6310,井関農機,機械,20260930
6315,ＴＯＷＡ,機械,20260930
6316,丸山製作所,機械,20260930
6317,北川鉄工所,機械,20260930
6322,タクミナ,機械,20260930
6323,ローツェ,機械,20260930
6324,ハーモニック・ドライブ・システムズ,機械,20260930
6325,タカキタ,機械,20260930
6326,クボタ,機械,20260930
6327,北川精機,機械,20260930
6328,荏原実業,機械,20260930
6330,東洋エンジニアリング,建設業,20260930
6331,三菱化工機,機械,20260930
6332,月島ホールディングス,機械,20260930
6333,ＴＥＩＫＯＫＵ,機械,20260930
6334,明治機械,機械,20260930
6335,東京機械製作所,機械,20260930
6336,石井表記,機械,20260930
6337,テセック,機械,20260930
6338,タカトリ,機械,20260930
6339,新東工業,機械,20260930
6340,澁谷工業,機械,20260930
6342,太平製作所,機械,20260930
6343,フリージア・マクロス,機械,20260930
6345,アイチ　コーポレーション,機械,20260930
6346,キクカワエンタープライズ,機械,20260930
6347,プラコー,機械,20260930
6349,小森コーポレーション,機械,20260930
634A,レイヤード,情報・通信業,20260930
6351,鶴見製作所,機械,20260930
6356,日本ギア工業,機械,20260930
6357,三精テクノロジーズ,機械,20260930
6358,酒井重工業,機械,20260930
6360,東京自働機械製作所,機械,20260930
6361,荏原製作所,機械,20260930
6363,酉島製作所,機械,20260930
6364,ＡＩＲＭＡＮ,機械,20260930
6365,電業社機械製作所,機械,20260930
6366,千代田化工建設,建設業,20260930
6367,ダイキン工業,機械,20260930
6368,オルガノ,機械,20260930
6369,トーヨーカネツ,機械,20260930
6370,栗田工業,機械,20260930
6371,椿本チエイン,機械,20260930
6376,日機装,精密機器,20260930
6378,木村化工機,機械,20260930
6379,レイズネクスト,建設業,20260930
637A,オーリーズ,サービス業,20260930
6380,オリエンタルチエン工業,機械,20260930
6381,アネスト岩田,機械,20260930
6382,トリニティ工業,機械,20260930
6383,ダイフク,機械,20260930
6384,昭和真空,機械,20260930
6387,サムコ,機械,20260930
6390,加藤製作所,機械,20260930
6391,加地テック,機械,20260930
6392,ヤマダコーポレーション,機械,20260930
6393,油研工業,機械,20260930
6395,タダノ,機械,20260930
6396,宇野澤組鐵工所,機械,20260930
6400,不二精機,機械,20260930
6402,兼松エンジニアリング,機械,20260930
6405,鈴茂器工,機械,20260930
6407,ＣＫＤ,機械,20260930
6408,小倉クラッチ,機械,20260930
6412,平和,機械,20260930
6413,理想科学工業,機械,20260930
6417,ＳＡＮＫＹＯ,機械,20260930
6418,日本金銭機械,機械,20260930
6419,マースグループホールディングス,機械,20260930
6420,ガリレイホールディングス,機械,20260930
6424,高見沢サイバネティックス,機械,20260930
6425,ユニバーサルエンターテインメント,機械,20260930
6428,オーイズミ,機械,20260930
6430,ダイコク電機,機械,20260930
6432,竹内製作所,機械,20260930
6433,ヒーハイスト,機械,20260930
6436,アマノ,機械,20260930
6440,ＪＵＫＩ,機械,20260930
6444,サンデン,機械,20260930
6445,ジャノメ,機械,20260930
6448,ブラザー工業,電気機器,20260930
6454,マックス,機械,20260930
6455,モリタホールディングス,輸送用機器,20260930
6457,グローリー,機械,20260930
6458,新晃工業,機械,20260930
6459,だいわ,機械,20260930
6460,セガサミーホールディングス,機械,20260930
6463,ＴＰＲ,機械,20260930
6464,ツバキ・ナカシマ,機械,20260930
6465,ホシザキ,機械,20260930
6466,ＴＶＥ,機械,20260930
6467,ニチダイ,機械,20260930
6469,放電精密加工研究所,機械,20260930
646A,クラサスケミカル,化学,20260930
6470,大豊工業,機械,20260930
6471,日本精工,機械,20260930
6472,ＮＴＮ,機械,20260930
6473,ジェイテクト,機械,20260930
6474,不二越,機械,20260930
6479,ミネベアミツミ,電気機器,20260930
6480,日本トムソン,機械,20260930
6481,ＴＨＫ,機械,20260930
6482,ＹＵＳＨＩＮ,機械,20260930
6484,ＫＶＫ,機械,20260930
6485,前澤給装工業,機械,20260930
6488,ヨシタケ,機械,20260930
6490,ＰＩＬＬＡＲ,機械,20260930
6492,岡野バルブ製造,機械,20260930
6493,ＮＩＴＴＡＮ,輸送用機器,20260930
6494,ＮＦＫホールディングス,機械,20260930
6495,宮入バルブ製作所,機械,20260930
6496,中北製作所,機械,20260930
6497,ハマイ,機械,20260930
6498,キッツ,機械,20260930
6501,日立製作所,電気機器,20260930
6503,三菱電機,電気機器,20260930
6504,富士電機,電気機器,20260930
6505,東洋電機製造,電気機器,20260930
6506,安川電機,電気機器,20260930
6507,シンフォニアテクノロジー,電気機器,20260930
6508,明電舎,電気機器,20260930
6513,オリジン,電気機器,20260930
6516,山洋電気,電気機器,20260930
6517,デンヨー,電気機器,20260930
6518,三相電機,電気機器,20260930
6521,オキサイド,電気機器,20260930
6522,アスタリスク,電気機器,20260930
6523,ＰＨＣホールディングス,電気機器,20260930
6524,湖北工業,電気機器,20260930
6525,ＫＯＫＵＳＡＩ　ＥＬＥＣＴＲＩＣ,電気機器,20260930
6526,ソシオネクスト,電気機器,20260930
6527,ワカ製作所,電気機器,20260930
6532,ベイカレント,サービス業,20260930
6533,Ｏｒｃｈｅｓｔｒａ　Ｈｏｌｄｉｎｇｓ,サービス業,20260930
6535,アイモバイル,サービス業,20260930
6537,ＷＡＳＨハウス,サービス業,20260930
6538,ディスラプターズ,サービス業,20260930
6539,ＭＳ－Ｊａｐａｎ,サービス業,20260930
6540,船場,サービス業,20260930
6543,日宣,サービス業,20260930
6544,ジャパンエレベーターサービスホールディングス,サービス業,20260930
6545,インターネットインフィニティー,サービス業,20260930
6546,フルテック,サービス業,20260930
6547,グリーンズ,サービス業,20260930
6548,旅工房,サービス業,20260930
6549,ディーエムソリューションズ,サービス業,20260930
6551,ツナググループ・ホールディングス,サービス業,20260930
6552,ＧａｍｅＷｉｔｈ,サービス業,20260930
6554,エスユーエス,サービス業,20260930
6555,ＭＳ＆Ｃｏｎｓｕｌｔｉｎｇ,サービス業,20260930
6557,ＡＩＡＩグループ,サービス業,20260930
6558,クックビズ,サービス業,20260930
6560,エル・ティー・エス,サービス業,20260930
6561,ＨＡＮＡＴＯＵＲ　ＪＡＰＡＮ,サービス業,20260930
6562,ジーニー,サービス業,20260930
6563,みらいワークス,サービス業,20260930
6564,ミダックホールディングス,サービス業,20260930
6566,要興業,サービス業,20260930
6568,神戸天然物化学,サービス業,20260930
6570,共和コーポレーション,サービス業,20260930
6571,キュービーネットホールディングス,サービス業,20260930
6572,オープングループ,サービス業,20260930
6573,ＣＲＡＶＩＡ,サービス業,20260930
6574,コンヴァノ,サービス業,20260930
6576,揚工舎,サービス業,20260930
6577,ベストワンドットコム,サービス業,20260930
6578,コレックホールディングス,サービス業,20260930
6579,ログリー,サービス業,20260930
6580,ライトアップ,サービス業,20260930
6584,三櫻工業,輸送用機器,20260930
6586,マキタ,機械,20260930
6588,東芝テック,電気機器,20260930
6590,芝浦メカトロニクス,電気機器,20260930
6592,マブチモーター,電気機器,20260930
6594,ニデック,電気機器,20260930
6596,筑波精工,電気機器,20260930
6597,ＨＰＣシステムズ,電気機器,20260930
6599,エブレン,電気機器,20260930
6612,バルミューダ,電気機器,20260930
6613,ＱＤレーザ,電気機器,20260930
6614,シキノハイテック,電気機器,20260930
6615,ユー・エム・シー・エレクトロニクス,電気機器,20260930
6616,トレックス・セミコンダクター,電気機器,20260930
6617,東光高岳,電気機器,20260930
6619,ダブル・スコープ,電気機器,20260930
6620,宮越ホールディングス,不動産業,20260930
6622,ダイヘン,電気機器,20260930
6625,ＪＡＬＣＯホールディングス,不動産業,20260930
6626,ＳＥＭＩＴＥＣ,電気機器,20260930
6627,テラプローブ,電気機器,20260930
6629,テクノホライゾン,電気機器,20260930
6630,ヤーマン,電気機器,20260930
6632,ＪＶＣケンウッド,電気機器,20260930
6633,ＣＧＳホールディングス,電気機器,20260930
6634,ＪＮグループ,電気機器,20260930
6635,大日光・エンジニアリング,電気機器,20260930
6637,寺崎電気産業,電気機器,20260930
6638,ミマキエンジニアリング,電気機器,20260930
6643,戸上電機製作所,電気機器,20260930
6644,大崎電気工業,電気機器,20260930
6645,オムロン,電気機器,20260930
6647,森尾電機,電気機器,20260930
6648,かわでん,電気機器,20260930
6651,日東工業,電気機器,20260930
6652,ＩＤＥＣ,電気機器,20260930
6653,正興電機製作所,電気機器,20260930
6654,不二電機工業,電気機器,20260930
6656,インスペック,電気機器,20260930
6658,シライ電子工業,電気機器,20260930
6659,メディアリンクス,電気機器,20260930
6662,ユビテック,電気機器,20260930
6663,太洋テクノレックス,電気機器,20260930
6664,オプトエレクトロニクス,電気機器,20260930
6666,リバーエレテック,電気機器,20260930
6668,アドテック　プラズマ　テクノロジー,電気機器,20260930
6674,ジーエス・ユアサ　コーポレーション,電気機器,20260930
6675,サクサ,電気機器,20260930
6676,ＢＵＦＦＡＬＯ,電気機器,20260930
6677,エスケーエレクトロニクス,電気機器,20260930
6678,テクノメディカ,電気機器,20260930
6694,ズーム,電気機器,20260930
6695,キャストリコ,電気機器,20260930
6696,トラース・オン・プロダクト,電気機器,20260930
6699,ダイヤモンドエレクトリックホールディングス,電気機器,20260930
6701,日本電気,電気機器,20260930
6702,富士通,電気機器,20260930
6703,沖電気工業,電気機器,20260930
6706,電気興業,電気機器,20260930
6707,サンケン電気,電気機器,20260930
6718,アイホン,電気機器,20260930
6721,ウインテスト,電気機器,20260930
6723,ルネサスエレクトロニクス,電気機器,20260930
6724,セイコーエプソン,電気機器,20260930
6727,ワコム,電気機器,20260930
6728,アルバック,電気機器,20260930
6730,アクセル,電気機器,20260930
6731,ピクセラ,電気機器,20260930
6736,サン電子,電気機器,20260930
6737,ＥＩＺＯ,電気機器,20260930
6740,ジャパンディスプレイ,電気機器,20260930
6741,日本信号,電気機器,20260930
6742,京三製作所,電気機器,20260930
6743,大同信号,電気機器,20260930
6744,能美防災,電気機器,20260930
6745,ホーチキ,電気機器,20260930
6748,星和電機,電気機器,20260930
6750,エレコム,電気機器,20260930
6752,パナソニック　ホールディングス,電気機器,20260930
6753,シャープ,電気機器,20260930
6754,アンリツ,電気機器,20260930
6757,ＯＳＧコーポレーション,電気機器,20260930
6758,ソニーグループ,電気機器,20260930
6762,ＴＤＫ,電気機器,20260930
6763,帝国通信工業,電気機器,20260930
6768,タムラ製作所,電気機器,20260930
6769,ザインエレクトロニクス,電気機器,20260930
6770,アルプスアルパイン,電気機器,20260930
6771,池上通信機,電気機器,20260930
6772,東京コスモス電機,電気機器,20260930
6775,ＴＢグループ,電気機器,20260930
6776,天昇電気工業,化学,20260930
6777,ｓａｎｔｅｃ　Ｈｏｌｄｉｎｇｓ,電気機器,20260930
6778,アルチザネットワークス,電気機器,20260930
6779,日本電波工業,電気機器,20260930
6785,鈴木,電気機器,20260930
6786,ＲＶＨ,サービス業,20260930
6787,メイコー,電気機器,20260930
6788,日本トリム,電気機器,20260930
6794,フォスター電機,電気機器,20260930
6797,名古屋電機工業,電気機器,20260930
6798,ＳＭＫ,電気機器,20260930
6800,ヨコオ,電気機器,20260930
6803,ティアック,電気機器,20260930
6804,ホシデン,電気機器,20260930
6806,ヒロセ電機,電気機器,20260930
6807,日本航空電子工業,電気機器,20260930
6809,ＴＯＡ,電気機器,20260930
6810,マクセル,電気機器,20260930
6814,古野電気,電気機器,20260930
6817,スミダコーポレーション,電気機器,20260930
6819,伊豆シャボテンリゾート,サービス業,20260930
6820,アイコム,電気機器,20260930
6822,大井電気,電気機器,20260930
6823,リオン,電気機器,20260930
6824,新コスモス電機,電気機器,20260930
6832,アオイ電子,電気機器,20260930
6834,精工技研,電気機器,20260930
6835,アライドテレシスホールディングス,電気機器,20260930
6836,ぷらっとホーム,電気機器,20260930
6837,京写,電気機器,20260930
6838,多摩川ホールディングス,電気機器,20260930
6840,ＡＫＩＢＡホールディングス,電気機器,20260930
6841,横河電機,電気機器,20260930
6844,新電元工業,電気機器,20260930
6845,アズビル,電気機器,20260930
6848,東亜ディーケーケー,電気機器,20260930
6849,日本光電工業,電気機器,20260930
6850,チノー,電気機器,20260930
6853,共和電業,電気機器,20260930
6855,日本電子材料,電気機器,20260930
6856,堀場製作所,電気機器,20260930
6857,アドバンテスト,電気機器,20260930
6858,小野測器,電気機器,20260930
6859,エスペック,電気機器,20260930
6861,キーエンス,電気機器,20260930
6862,ミナトホールディングス,電気機器,20260930
6863,ニレコ,電気機器,20260930
6864,エヌエフホールディングス,電気機器,20260930
6866,日置電機,電気機器,20260930
6867,リーダー電子,電気機器,20260930
6869,シスメックス,電気機器,20260930
6870,日本フェンオール,電気機器,20260930
6871,日本マイクロニクス,電気機器,20260930
6874,協立電機,電気機器,20260930
6875,メガチップス,電気機器,20260930
6877,ＯＢＡＲＡ　ＧＲＯＵＰ,電気機器,20260930
6882,三社電機製作所,電気機器,20260930
6888,アクモス,情報・通信業,20260930
6890,フェローテック,電気機器,20260930
6894,パルステック工業,電気機器,20260930
6897,ツインバード,電気機器,20260930
6898,トミタ電機,電気機器,20260930
6899,ＡＳＴＩ,電気機器,20260930
6902,デンソー,輸送用機器,20260930
6904,原田工業,電気機器,20260930
6905,コーセル,電気機器,20260930
6907,ジオマテック,電気機器,20260930
6908,イリソ電子工業,電気機器,20260930
6912,菊水ホールディングス,電気機器,20260930
6914,オプテックスグループ,電気機器,20260930
6915,千代田インテグレ,電気機器,20260930
6918,アバールデータ,電気機器,20260930
6919,ケル,電気機器,20260930
6920,レーザーテック,電気機器,20260930
6923,スタンレー電気,電気機器,20260930
6925,ウシオ電機,電気機器,20260930
6926,岡谷電機産業,電気機器,20260930
6927,ヘリオス　テクノ　ホールディング,電気機器,20260930
6928,エノモト,電気機器,20260930
6929,日本セラミック,電気機器,20260930
6932,遠藤照明,電気機器,20260930
6941,山一電機,電気機器,20260930
6942,ソフィアホールディングス,情報・通信業,20260930
6943,ＮＫＫスイッチズ,電気機器,20260930
6946,日本アビオニクス,電気機器,20260930
6947,図研,電気機器,20260930
6951,日本電子,電気機器,20260930
6952,カシオ計算機,電気機器,20260930
6954,ファナック,電気機器,20260930
6955,ＦＤＫ,電気機器,20260930
6958,日本シイエムケイ,電気機器,20260930
6960,フクダ電子,電気機器,20260930
6961,エンプラス,電気機器,20260930
6962,大真空,電気機器,20260930
6963,ローム,電気機器,20260930
6964,サンコー,電気機器,20260930
6965,浜松ホトニクス,電気機器,20260930
6966,三井ハイテック,電気機器,20260930
6969,松尾電機,電気機器,20260930
6971,京セラ,電気機器,20260930
6976,太陽誘電,電気機器,20260930
6977,日本抵抗器製作所,電気機器,20260930
6981,村田製作所,電気機器,20260930
6982,リード,輸送用機器,20260930
6986,双葉電子工業,電気機器,20260930
6988,日東電工,化学,20260930
6989,北陸電気工業,電気機器,20260930
6993,大黒屋ホールディングス,小売業,20260930
6994,指月電機製作所,電気機器,20260930
6995,東海理化電機製作所,輸送用機器,20260930
6996,ニチコン,電気機器,20260930
6997,日本ケミコン,電気機器,20260930
6998,日本タングステン,電気機器,20260930
6999,ＫＯＡ,電気機器,20260930
7003,三井Ｅ＆Ｓ,機械,20260930
7004,カナデビア,機械,20260930
7011,三菱重工業,機械,20260930
7012,川崎重工業,輸送用機器,20260930
7013,ＩＨＩ,機械,20260930
7014,名村造船所,輸送用機器,20260930
7018,内海造船,輸送用機器,20260930
7021,ニッチツ,機械,20260930
7022,サノヤスホールディングス,機械,20260930
7030,スプリックス,サービス業,20260930
7031,インバウンドテック,サービス業,20260930
7033,マネジメントソリューションズ,サービス業,20260930
7034,プロレド・パートナーズ,サービス業,20260930
7035,ａｎｄ　ｆａｃｔｏｒｙ,サービス業,20260930
7036,イーエムネットジャパン,サービス業,20260930
7037,テノ．ホールディングス,サービス業,20260930
7038,フロンティア・マネジメント,サービス業,20260930
7039,ブリッジインターナショナルグループ,サービス業,20260930
7040,サン・ライフホールディング,サービス業,20260930
7041,ＣＲＧホールディングス,サービス業,20260930
7042,アクセスグループ・ホールディングス,サービス業,20260930
7043,アルー,サービス業,20260930
7044,ピアラ,サービス業,20260930
7046,ＴＤＳＥ,サービス業,20260930
7047,ポート,サービス業,20260930
7048,ベルトラ,サービス業,20260930
7049,識学,サービス業,20260930
7050,フロンティアインターナショナル,サービス業,20260930
7057,エヌ・シー・エヌ,サービス業,20260930
7058,共栄セキュリティーサービス,サービス業,20260930
7059,コプロ・ホールディングス,サービス業,20260930
7060,ギークス,サービス業,20260930
7061,日本ホスピスホールディングス,サービス業,20260930
7062,フレアス,サービス業,20260930
7063,Ｂｉｒｄｍａｎ,サービス業,20260930
7064,ハウテレビジョン,サービス業,20260930
7065,ユーピーアール,サービス業,20260930
7066,ピアズ,サービス業,20260930
7067,ブランディングテクノロジー,サービス業,20260930
7068,フィードフォースグループ,サービス業,20260930
7069,サイバー・バズ,サービス業,20260930
7071,アンビスホールディングス,サービス業,20260930
7072,インティメート・マージャー,サービス業,20260930
7073,ジェイック,サービス業,20260930
7074,トゥエンティーフォーセブンホールディングス,サービス業,20260930
7075,ＱＬＳホールディングス,サービス業,20260930
7077,ＡＬｉＮＫインターネット,サービス業,20260930
7078,ＩＮＣＬＵＳＩＶＥ　Ｈｏｌｄｉｎｇｓ,サービス業,20260930
7079,ＷＤＢココ,サービス業,20260930
7080,スポーツフィールド,サービス業,20260930
7081,コーユーレンティア,サービス業,20260930
7083,ＡＨＣグループ,サービス業,20260930
7084,Ｓｍｉｌｅ　Ｈｏｌｄｉｎｇｓ,サービス業,20260930
7085,カーブスホールディングス,サービス業,20260930
7087,ウイルテック,サービス業,20260930
7089,フォースタートアップス,サービス業,20260930
7090,リグア,サービス業,20260930
7091,リビングプラットフォーム,サービス業,20260930
7093,アディッシュ,サービス業,20260930
7094,ＮｅｘＴｏｎｅ,サービス業,20260930
7095,Ｍａｃｂｅｅ　Ｐｌａｎｅｔ,サービス業,20260930
7096,ステムセル研究所,サービス業,20260930
7097,さくらさくプラス,サービス業,20260930
7098,エージェント,サービス業,20260930
7102,日本車輌製造,輸送用機器,20260930
7110,クラシコム,小売業,20260930
7111,ＩＮＥＳＴ,卸売業,20260930
7112,キューブ,小売業,20260930
7114,フーディソン,卸売業,20260930
7115,アルファパーチェス,卸売業,20260930
7119,ハルメクホールディングス,小売業,20260930
7120,ＳＨＩＮＫＯ,卸売業,20260930
7122,近畿車輛,輸送用機器,20260930
7126,グローバルスタイル,小売業,20260930
7127,一家ホールディングス,小売業,20260930
7128,ユニソルホールディングス,卸売業,20260930
7129,ミアヘルサホールディングス,小売業,20260930
7130,ヤマエグループホールディングス,卸売業,20260930
7131,のむら産業,卸売業,20260930
7132,フローバル,卸売業,20260930
7133,ＨＹＵＧＡ　ＰＲＩＭＡＲＹ　ＣＡＲＥ,小売業,20260930
7134,アップガレージグループ,小売業,20260930
7135,ジャパンクラフトホールディングス,小売業,20260930
7137,グラントマト,小売業,20260930
7138,ＴＯＲＩＣＯ,小売業,20260930
7139,東京高圧山崎,卸売業,20260930
7140,ペットゴー,小売業,20260930
7148,ＦＰＧ,証券、商品先物取引業,20260930
7150,島根銀行,銀行業,20260930
7157,ライフネット生命保険,保険業,20260930
7161,じもとホールディングス,銀行業,20260930
7162,アストマックス,電気・ガス業,20260930
7164,全国保証,その他金融業,20260930
7167,めぶきフィナンシャルグループ,銀行業,20260930
7170,中央インターナショナルグループ,保険業,20260930
7172,ジャパンインベストメントアドバイザー,証券、商品先物取引業,20260930
7173,東京きらぼしフィナンシャルグループ,銀行業,20260930
7175,今村証券,証券、商品先物取引業,20260930
7176,シンプレクス・ファイナンシャル・ホールディングス,証券、商品先物取引業,20260930
7177,ＧＭＯフィナンシャルホールディングス,証券、商品先物取引業,20260930
7180,九州フィナンシャルグループ,銀行業,20260930
7181,かんぽ生命保険,保険業,20260930
7182,ゆうちょ銀行,銀行業,20260930
7183,あんしん保証,その他金融業,20260930
7184,富山第一銀行,銀行業,20260930
7185,ヒロセ通商,証券、商品先物取引業,20260930
7186,横浜フィナンシャルグループ,銀行業,20260930
7187,ジェイリース,その他金融業,20260930
7189,西日本フィナンシャルホールディングス,銀行業,20260930
7191,イントラスト,その他金融業,20260930
7192,日本モーゲージサービス,その他金融業,20260930
7196,Ｃａｓａ,その他金融業,20260930
7198,ＳＢＩアルヒ,その他金融業,20260930
7199,プレミアグループ,その他金融業,20260930
7201,日産自動車,輸送用機器,20260930
7202,いすゞ自動車,輸送用機器,20260930
7203,トヨタ自動車,輸送用機器,20260930
7208,カネミツ,輸送用機器,20260930
7211,三菱自動車工業,輸送用機器,20260930
7212,エフテック,輸送用機器,20260930
7213,レシップホールディングス,輸送用機器,20260930
7214,ＧＭＢ,輸送用機器,20260930
7215,ファルテック,輸送用機器,20260930
7217,テイン,輸送用機器,20260930
7218,田中精密工業,輸送用機器,20260930
7219,エッチ・ケー・エス,輸送用機器,20260930
7220,武蔵精密工業,輸送用機器,20260930
7222,日産車体,輸送用機器,20260930
7224,新明和工業,輸送用機器,20260930
7226,極東開発工業,輸送用機器,20260930
7228,デイトナ,輸送用機器,20260930
7231,トピー工業,輸送用機器,20260930
7235,東京ラヂエーター製造,輸送用機器,20260930
7236,ティラド,輸送用機器,20260930
7238,曙ブレーキ工業,輸送用機器,20260930
7239,タチエス,輸送用機器,20260930
7241,フタバ産業,輸送用機器,20260930
7242,カヤバ,輸送用機器,20260930
7244,市光工業,電気機器,20260930
7245,大同メタル工業,輸送用機器,20260930
7246,プレス工業,輸送用機器,20260930
7247,ミクニ,輸送用機器,20260930
7254,ユニバンス,輸送用機器,20260930
7255,桜井製作所,輸送用機器,20260930
7256,河西工業,輸送用機器,20260930
7259,アイシン,輸送用機器,20260930
7261,マツダ,輸送用機器,20260930
7264,ムロコーポレーション,輸送用機器,20260930
7265,エイケン工業,輸送用機器,20260930
7266,今仙電機製作所,輸送用機器,20260930
7267,本田技研工業,輸送用機器,20260930
7269,スズキ,輸送用機器,20260930
7270,ＳＵＢＡＲＵ,輸送用機器,20260930
7271,安永,輸送用機器,20260930
7272,ヤマハ発動機,輸送用機器,20260930
7273,イクヨ,輸送用機器,20260930
7276,小糸製作所,電気機器,20260930
7277,ＴＢＫ,輸送用機器,20260930
7278,エクセディ,輸送用機器,20260930
7279,ハイレックスコーポレーション,輸送用機器,20260930
7280,ミツバ,電気機器,20260930
7282,豊田合成,輸送用機器,20260930
7283,愛三工業,輸送用機器,20260930
7284,盟和産業,輸送用機器,20260930
7287,日本精機,輸送用機器,20260930
7291,日本プラスト,輸送用機器,20260930
7292,村上開明堂,輸送用機器,20260930
7294,ヨロズ,輸送用機器,20260930
7296,エフ・シー・シー,輸送用機器,20260930
7297,カーメイト,輸送用機器,20260930
7299,フジオーゼックス,輸送用機器,20260930
7305,新家工業,鉄鋼,20260930
7309,シマノ,輸送用機器,20260930
7313,テイ・エス　テック,輸送用機器,20260930
7314,小田原機器,輸送用機器,20260930
7318,セレンディップ・ホールディングス,輸送用機器,20260930
7320,Ｓｏｌｖｖｙ,その他金融業,20260930
7322,三十三フィナンシャルグループ,銀行業,20260930
7325,アイリックコーポレーション,保険業,20260930
7326,ＳＢＩインシュアランスグループ,保険業,20260930
7327,第四北越フィナンシャルグループ,銀行業,20260930
7337,ひろぎんホールディングス,銀行業,20260930
7343,ブロードマインド,保険業,20260930
7345,アイ・パートナーズフィナンシャル,その他金融業,20260930
7347,マーキュリアホールディングス,証券、商品先物取引業,20260930
7350,おきなわフィナンシャルグループ,銀行業,20260930
7351,グッドパッチ,サービス業,20260930
7352,ＴＷＯＳＴＯＮＥ＆Ｓｏｎｓ,サービス業,20260930
7353,ＫＩＹＯラーニング,サービス業,20260930
7354,ダイレクトマーケティングミックス,サービス業,20260930
7355,一寸房,サービス業,20260930
7356,Ｒｅｔｔｙ,サービス業,20260930
7357,ジオコード,サービス業,20260930
7358,ポピンズ,サービス業,20260930
7359,東京通信グループ,サービス業,20260930
7360,オンデック,サービス業,20260930
7361,ヒューマンクリエイションホールディングス,サービス業,20260930
7362,Ｔ．Ｓ．Ｉ,サービス業,20260930
7363,ベビーカレンダー,サービス業,20260930
7364,琉球アスティーダスポーツクラブ,サービス業,20260930
7366,ＬＩＴＡＬＩＣＯ,サービス業,20260930
7367,セルム,サービス業,20260930
7368,表示灯,サービス業,20260930
7369,メイホーホールディングス,サービス業,20260930
7370,Ｅｎｊｉｎ,サービス業,20260930
7371,Ｚｅｎｋｅｎ,サービス業,20260930
7372,デコルテ・ホールディングス,サービス業,20260930
7373,アイドマ・ホールディングス,サービス業,20260930
7374,コンフィデンス・インターワークス,サービス業,20260930
7375,リファインバースグループ,サービス業,20260930
7376,ＢＣＣ,サービス業,20260930
7377,ＤＮホールディングス,サービス業,20260930
7378,アシロ,サービス業,20260930
7380,十六フィナンシャルグループ,銀行業,20260930
7381,ＣＣＩグループ,銀行業,20260930
7383,ネットプロテクションズホールディングス,その他金融業,20260930
7384,プロクレアホールディングス,銀行業,20260930
7388,ＦＰパートナー,保険業,20260930
7389,あいちフィナンシャルグループ,銀行業,20260930
7399,ナンシン,輸送用機器,20260930
7409,ＡｅｒｏＥｄｇｅ,輸送用機器,20260930
7412,アトム,小売業,20260930
7413,創健社,卸売業,20260930
7414,小野建,卸売業,20260930
7416,はるやまホールディングス,小売業,20260930
7417,南陽,卸売業,20260930
7419,ノジマ,小売業,20260930
7421,カッパ・クリエイト,小売業,20260930
7422,東邦レマック,卸売業,20260930
7425,初穂商事,卸売業,20260930
7427,エコートレーディング,卸売業,20260930
7433,伯東,卸売業,20260930
7434,オータケ,卸売業,20260930
7435,ナ・デックス,卸売業,20260930
7438,コンドーテック,卸売業,20260930
7442,中山福,卸売業,20260930
7443,横浜魚類,卸売業,20260930
7444,ハリマ共和物産,卸売業,20260930
7446,東北化学薬品,卸売業,20260930
7447,ナガイレーベン,卸売業,20260930
7453,良品計画,小売業,20260930
7456,松田産業,卸売業,20260930
7458,第一興商,卸売業,20260930
7459,メディパルホールディングス,卸売業,20260930
7460,ヤギ,卸売業,20260930
7461,キムラ,卸売業,20260930
7462,ＣＡＰＩＴＡ,小売業,20260930
7463,アドヴァングループ,小売業,20260930
7464,セフテック,卸売業,20260930
7466,ＳＰＫ,卸売業,20260930
7472,鳥羽洋行,卸売業,20260930
7475,アルビス,小売業,20260930
7476,アズワン,卸売業,20260930
7477,ムラキ,卸売業,20260930
7480,スズデン,卸売業,20260930
7481,尾家産業,卸売業,20260930
7482,シモジマ,卸売業,20260930
7483,ドウシシャ,卸売業,20260930
7486,サンリン,卸売業,20260930
7487,小津産業,卸売業,20260930
7490,日新商事,卸売業,20260930
7494,コナカ,小売業,20260930
7500,西川計測,卸売業,20260930
7501,ティムコ,卸売業,20260930
7502,プラザホールディングス,サービス業,20260930
7504,高速,卸売業,20260930
7505,扶桑電通,卸売業,20260930
7506,ハウス　オブ　ローゼ,小売業,20260930
7508,Ｇ‐７ホールディングス,小売業,20260930
7509,アイエーグループ,小売業,20260930
7510,たけびし,卸売業,20260930
7512,イオン北海道,小売業,20260930
7513,コジマ,小売業,20260930
7514,ヒマラヤ,小売業,20260930
7515,マルヨシセンター,小売業,20260930
7516,コーナン商事,小売業,20260930
7520,エコス,小売業,20260930
7521,ムサシ,卸売業,20260930
7522,ワタミ,小売業,20260930
7523,アールビバン,小売業,20260930
7524,マルシェ,小売業,20260930
7525,リックス,卸売業,20260930
7527,システムソフト,情報・通信業,20260930
7531,清和中央ホールディングス,卸売業,20260930
7532,パン・パシフィック・インターナショナルホールディングス,小売業,20260930
7537,丸文,卸売業,20260930
7538,大水,卸売業,20260930
7539,アイナボホールディングス,卸売業,20260930
7544,スリーエフ,小売業,20260930
7545,西松屋チェーン,小売業,20260930
7550,ゼンショーホールディングス,小売業,20260930
75505,ゼンショーホールディングス第１回社債型種類株式,小売業,20260930
7551,ウェッズ,輸送用機器,20260930
7552,ハピネット,卸売業,20260930
7554,幸楽苑,小売業,20260930
7555,大田花き,卸売業,20260930
7561,ハークスレイホールディングス,小売業,20260930
7562,安楽亭,小売業,20260930
7564,ワークマン,小売業,20260930
7565,萬世電機,卸売業,20260930
7567,栄電子,卸売業,20260930
7570,橋本総業ホールディングス,卸売業,20260930
7571,ヤマノホールディングス,小売業,20260930
7575,日本ライフライン,卸売業,20260930
7578,ニチリョク,小売業,20260930
7581,サイゼリヤ,小売業,20260930
7585,かんなん丸,小売業,20260930
7590,タカショー,卸売業,20260930
7593,ＶＴホールディングス,小売業,20260930
7595,アルゴグラフィックス,情報・通信業,20260930
7596,魚力,小売業,20260930
7599,ＩＤＯＭ,卸売業,20260930
7600,日本エム・ディ・エム,精密機器,20260930
7601,ポプラ,小売業,20260930
7602,レダックス,卸売業,20260930
7603,ジーイエット,小売業,20260930
7604,梅の花グループ,小売業,20260930
7606,ユナイテッドアローズ,小売業,20260930
7607,進和,卸売業,20260930
7608,エスケイジャパン,卸売業,20260930
7609,ダイトロン,卸売業,20260930
7610,テイツー,小売業,20260930
7611,ハイデイ日高,小売業,20260930
7613,シークス,卸売業,20260930
7614,オーエムツーネットワーク,小売業,20260930
7615,京都きもの友禅ホールディングス,小売業,20260930
7616,コロワイド,小売業,20260930
7619,田中商事,卸売業,20260930
7621,うかい,小売業,20260930
7624,ＮａＩＴＯ,卸売業,20260930
7625,グローバルダイニング,小売業,20260930
7628,オーハシテクニカ,卸売業,20260930
7630,壱番屋,小売業,20260930
7634,星医療酸器,卸売業,20260930
7636,ハンズマン,小売業,20260930
7637,白銅,卸売業,20260930
7638,ＮＥＷ　ＡＲＴ　ＨＯＬＤＩＮＧＳ,小売業,20260930
7640,トップカルチャー,小売業,20260930
7643,ダイイチ,小売業,20260930
7646,ＰＬＡＮＴ,小売業,20260930
7649,スギホールディングス,小売業,20260930
7670,オーウエル,卸売業,20260930
7673,ダイコー通産,卸売業,20260930
7674,ＮＡＴＴＹ　ＳＷＡＮＫＹホールディングス,小売業,20260930
7677,ヤシマキザイ,卸売業,20260930
7678,あさくま,小売業,20260930
7679,薬王堂ホールディングス,小売業,20260930
7680,軽自動車館,小売業,20260930
7681,レオクラン,卸売業,20260930
7682,浜木綿,小売業,20260930
7683,ダブルエー,小売業,20260930
7685,ＢｕｙＳｅｌｌ　Ｔｅｃｈｎｏｌｏｇｉｅｓ,卸売業,20260930
7686,ひとまいる,小売業,20260930
7687,ミクリード,卸売業,20260930
7689,コパ・コーポレーション,卸売業,20260930
7690,カレント自動車,卸売業,20260930
7691,Ｃ　Ｃｈａｎｎｅｌ,小売業,20260930
7692,アースインフィニティ,電気・ガス業,20260930
7693,北海道歯科産業,卸売業,20260930
7694,いつも,小売業,20260930
7695,交換できるくん,小売業,20260930
7698,アイスコ,卸売業,20260930
7699,オムニ・プラス・システム・リミテッド　ＪＤＲ,卸売業,20260930
7701,島津製作所,精密機器,20260930
7702,ＪＭＳ,精密機器,20260930
7707,プレシジョン・システム・サイエンス,精密機器,20260930
7709,クボテック,精密機器,20260930
7711,助川電気工業,精密機器,20260930
7713,シグマ光機,精密機器,20260930
7715,長野計器,精密機器,20260930
7716,ナカニシ,精密機器,20260930
7717,ブイ・テクノロジー,精密機器,20260930
7719,東京衡機,精密機器,20260930
7721,東京計器,精密機器,20260930
7722,国際計測器,精密機器,20260930
7723,愛知時計電機,精密機器,20260930
7725,インターアクション,精密機器,20260930
7726,黒田精工,機械,20260930
7727,オーバル,精密機器,20260930
7729,東京精密,精密機器,20260930
7730,マニー,精密機器,20260930
7731,ニコン,精密機器,20260930
7733,オリンパス,精密機器,20260930
7734,理研計器,精密機器,20260930
7735,ＳＣＲＥＥＮホールディングス,電気機器,20260930
7740,タムロン,精密機器,20260930
7741,ＨＯＹＡ,精密機器,20260930
7743,シード,精密機器,20260930
7744,ノーリツ鋼機,精密機器,20260930
7745,Ａ＆Ｄホロンホールディングス,精密機器,20260930
7746,岡本硝子,精密機器,20260930
7747,朝日インテック,精密機器,20260930
7749,メディキット,精密機器,20260930
7751,キヤノン,電気機器,20260930
7752,リコー,電気機器,20260930
7760,ＩＭＶ,精密機器,20260930
7762,シチズン時計,精密機器,20260930
7769,リズム,精密機器,20260930
7771,日本精密,精密機器,20260930
7774,ジャパン・ティッシュエンジニアリング,精密機器,20260930
7775,大研医器,精密機器,20260930
7776,セルシード,精密機器,20260930
7777,スリー・ディー・マトリックス,精密機器,20260930
7779,ＣＹＢＥＲＤＹＮＥ,精密機器,20260930
7780,メニコン,精密機器,20260930
7781,平山ホールディングス,精密機器,20260930
7782,シンシア,精密機器,20260930
7791,ドリームベッド,その他製品,20260930
7792,コラントッテ,その他製品,20260930
7793,イメージ・マジック,その他製品,20260930
7794,イーディーピー,その他製品,20260930
7795,ＫＹＯＲＩＴＳＵ,その他製品,20260930
7800,アミファ,その他製品,20260930
7803,ブシロード,その他製品,20260930
7804,ビーアンドピー,その他製品,20260930
7805,プリントネット,その他製品,20260930
7806,ＭＴＧ,その他製品,20260930
7807,幸和製作所,その他製品,20260930
7808,シー・エス・ランバー,その他製品,20260930
7809,壽屋,その他製品,20260930
7810,クロスフォー,その他製品,20260930
7811,中本パックス,その他製品,20260930
7812,クレステック,その他製品,20260930
7813,プラッツ,その他製品,20260930
7814,日本創発グループ,その他製品,20260930
7815,東京ボード工業,その他製品,20260930
7818,トランザクション,その他製品,20260930
7819,粧美堂,その他製品,20260930
7820,ニホンフラッシュ,その他製品,20260930
7821,前田工繊,その他製品,20260930
7822,永大産業,その他製品,20260930
7823,アートネイチャー,その他製品,20260930
7826,フルヤ金属,その他製品,20260930
7827,オービス,その他製品,20260930
7831,ウイルコホールディングス,その他製品,20260930
7832,バンダイナムコホールディングス,その他製品,20260930
7833,アイフィスジャパン,その他製品,20260930
7836,アビックス,その他製品,20260930
7837,アールシーコア,その他製品,20260930
7839,ＳＨＯＥＩ,その他製品,20260930
7840,フランスベッドホールディングス,その他製品,20260930
7841,遠藤製作所,その他製品,20260930
7844,マーベラス,情報・通信業,20260930
7846,パイロットコーポレーション,その他製品,20260930
7847,グラファイトデザイン,その他製品,20260930
7849,スターツ出版,情報・通信業,20260930
7850,総合商研,その他製品,20260930
7851,カワセコンピュータサプライ,その他製品,20260930
7856,萩原工業,その他製品,20260930
7857,セキ,その他製品,20260930
7859,アルメディオ,その他製品,20260930
7860,エイベックス,情報・通信業,20260930
7863,平賀,その他製品,20260930
7864,フジシールインターナショナル,その他製品,20260930
7865,ピープル,その他製品,20260930
7867,タカラトミー,その他製品,20260930
7868,広済堂ホールディングス,その他製品,20260930
7871,フクビ化学工業,化学,20260930
7872,エステールホールディングス,その他製品,20260930
7874,レック,化学,20260930
7875,竹田ｉＰホールディングス,その他製品,20260930
7877,永大化工,化学,20260930
7878,光・彩,その他製品,20260930
7879,ノダ,その他製品,20260930
7883,サンメッセ,その他製品,20260930
7885,タカノ,その他製品,20260930
7886,ヤマト　モビリティ　＆　Ｍｆｇ．,化学,20260930
7887,南海プライウッド,その他製品,20260930
7888,三光合成,化学,20260930
7893,プロネクサス,その他製品,20260930
7896,セブン工業,その他製品,20260930
7897,ホクシン,その他製品,20260930
7898,ウッドワン,その他製品,20260930
7901,マツモト,その他製品,20260930
7902,ソノコム,その他製品,20260930
7906,ヨネックス,その他製品,20260930
7908,きもと,化学,20260930
7911,ＴＯＰＰＡＮホールディングス,その他製品,20260930
7912,大日本印刷,その他製品,20260930
7914,共同印刷,その他製品,20260930
7915,ＮＩＳＳＨＡ,その他製品,20260930
7916,光村印刷,その他製品,20260930
7917,ＺＡＣＲＯＳ,化学,20260930
7918,ヴィア・ホールディングス,小売業,20260930
7919,野崎印刷紙業,その他製品,20260930
7921,ＴＡＫＡＲＡ　＆　ＣＯＭＰＡＮＹ,その他製品,20260930
7927,ムトー精工,化学,20260930
7928,旭化学工業,化学,20260930
7931,未来工業,化学,20260930
7932,ニッピ,その他製品,20260930
7936,アシックス,その他製品,20260930
7937,ツツミ,その他製品,20260930
7938,リーガルコーポレーション,その他製品,20260930
7939,研創,その他製品,20260930
7942,ＪＳＰ,化学,20260930
7943,ニチハ,ガラス・土石製品,20260930
7944,ローランド,その他製品,20260930
7946,光陽社,その他製品,20260930
7947,エフピコ,化学,20260930
7949,小松ウオール工業,その他製品,20260930
7951,ヤマハ,その他製品,20260930
7952,河合楽器製作所,その他製品,20260930
7953,菊水化学工業,その他製品,20260930
7955,クリナップ,その他製品,20260930
7956,ピジョン,その他製品,20260930
7957,フジコピアン,その他製品,20260930
7962,キングジム,その他製品,20260930
7963,興研,その他製品,20260930
7965,象印マホービン,電気機器,20260930
7966,リンテック,その他製品,20260930
7970,信越ポリマー,化学,20260930
7971,東リ,化学,20260930
7972,イトーキ,その他製品,20260930
7974,任天堂,その他製品,20260930
7975,リヒトラブ,その他製品,20260930
7976,三菱鉛筆,その他製品,20260930
7979,松風,精密機器,20260930
7980,重松製作所,その他製品,20260930
7981,タカラスタンダード,その他製品,20260930
7983,ミロク,その他製品,20260930
7984,コクヨ,その他製品,20260930
7985,ネポン,金属製品,20260930
7986,日本アイ・エス・ケイ,その他製品,20260930
7987,ナカバヤシ,その他製品,20260930
7988,ニフコ,化学,20260930
7989,立川ブラインド工業,金属製品,20260930
7990,グローブライド,その他製品,20260930
7991,マミヤ・オーピー,機械,20260930
7992,セーラー万年筆,その他製品,20260930
7994,オカムラ,その他製品,20260930
7995,バルカー,化学,20260930
7997,くろがね工作所,その他製品,20260930
8001,伊藤忠商事,卸売業,20260930
8002,丸紅,卸売業,20260930
8005,スクロール,小売業,20260930
8006,ユアサ・フナショク,卸売業,20260930
8007,高島,卸売業,20260930
8008,ヨンドシーホールディングス,小売業,20260930
8011,三陽商会,繊維製品,20260930
8012,長瀬産業,卸売業,20260930
8013,ナイガイ,繊維製品,20260930
8014,蝶理,卸売業,20260930
8015,豊田通商,卸売業,20260930
8016,オンワードホールディングス,繊維製品,20260930
8018,三共生興,卸売業,20260930
8020,兼松,卸売業,20260930
8022,美津濃,その他製品,20260930
8023,ＤＡＩＫＯ　ＸＴＥＣＨ,情報・通信業,20260930
8025,ツカモトコーポレーション,卸売業,20260930
8029,ルックホールディングス,繊維製品,20260930
8030,中央魚類,卸売業,20260930
8031,三井物産,卸売業,20260930
8032,日本紙パルプ商事,卸売業,20260930
8035,東京エレクトロン,電気機器,20260930
8037,カメイ,卸売業,20260930
8039,築地魚市場,卸売業,20260930
8040,東京ソワール,繊維製品,20260930
8041,ＯＵＧホールディングス,卸売業,20260930
8043,スターゼン,卸売業,20260930
8045,横浜丸魚,卸売業,20260930
8046,丸藤シートパイル,卸売業,20260930
8050,セイコーグループ,精密機器,20260930
8051,山善,卸売業,20260930
8052,椿本興業,卸売業,20260930
8053,住友商事,卸売業,20260930
8056,ＢＩＰＲＯＧＹ,情報・通信業,20260930
8057,内田洋行,卸売業,20260930
8058,三菱商事,卸売業,20260930
8059,第一実業,卸売業,20260930
8060,キヤノンマーケティングジャパン,卸売業,20260930
8061,西華産業,卸売業,20260930
8065,佐藤商事,卸売業,20260930
8066,三谷商事,卸売業,20260930
8070,東京産業,卸売業,20260930
8074,ＹＵＡＳＡ,卸売業,20260930
8075,神鋼商事,卸売業,20260930
8076,カノークス,卸売業,20260930
8077,トルク,卸売業,20260930
8078,阪和興業,卸売業,20260930
8079,正栄食品工業,卸売業,20260930
8081,カナデン,卸売業,20260930
8084,ＲＹＯＤＥＮ,卸売業,20260930
8085,ナラサキ産業,卸売業,20260930
8086,ニプロ,精密機器,20260930
8088,岩谷産業,卸売業,20260930
8089,ナイス,卸売業,20260930
8091,ニチモウ,卸売業,20260930
8093,極東貿易,卸売業,20260930
8095,アステナホールディングス,卸売業,20260930
8097,三愛オブリ,卸売業,20260930
8098,稲畑産業,卸売業,20260930
8101,ＧＳＩクレオス,卸売業,20260930
8103,明和産業,卸売業,20260930
8104,クワザワホールディングス,卸売業,20260930
8105,Ｂｉｔｃｏｉｎ　Ｊａｐａｎ,卸売業,20260930
8107,キムラタン,繊維製品,20260930
8111,ゴールドウイン,繊維製品,20260930
8113,ユニ・チャーム,化学,20260930
8115,ムーンバット,卸売業,20260930
8117,中央自動車工業,卸売業,20260930
8118,キング,繊維製品,20260930
8119,三栄コーポレーション,卸売業,20260930
8123,川辺,卸売業,20260930
8125,ワキタ,卸売業,20260930
8127,ヤマトインターナショナル,繊維製品,20260930
8129,東邦ホールディングス,卸売業,20260930
8130,サンゲツ,卸売業,20260930
8131,ミツウロコグループホールディングス,卸売業,20260930
8132,シナネンホールディングス,卸売業,20260930
8133,伊藤忠エネクス,卸売業,20260930
8135,ゼット,卸売業,20260930
8136,サンリオ,卸売業,20260930
8137,サンワテクノス,卸売業,20260930
8138,三京化成,卸売業,20260930
8139,ナガホリ,卸売業,20260930
8141,新光商事,卸売業,20260930
8142,トーホー,卸売業,20260930
8143,ラピーヌ,繊維製品,20260930
8144,デンキョーグループホールディングス,卸売業,20260930
8147,トミタ,卸売業,20260930
8150,三信電気,卸売業,20260930
8151,東陽テクニカ,卸売業,20260930
8152,ソマール,卸売業,20260930
8153,モスフードサービス,卸売業,20260930
8154,加賀電子,卸売業,20260930
8157,都築電気,情報・通信業,20260930
8158,ソーダニッカ,卸売業,20260930
8159,立花エレテック,卸売業,20260930
8160,木曽路,小売業,20260930
8163,ＳＲＳホールディングス,小売業,20260930
8165,千趣会,小売業,20260930
8166,タカキュー,小売業,20260930
8167,リテールパートナーズ,小売業,20260930
8173,Ｊｏｓｈｉｎ,小売業,20260930
8174,日本瓦斯,小売業,20260930
8179,ロイヤルホールディングス,小売業,20260930
8181,東天紅,小売業,20260930
8185,チヨダ,小売業,20260930
8194,ライフコーポレーション,小売業,20260930
8198,マックスバリュ東海,小売業,20260930
8200,リンガーハット,小売業,20260930
8202,ラオックスホールディングス,小売業,20260930
8203,ＭｒＭａｘＨＤ,小売業,20260930
8207,テンアライド,小売業,20260930
8214,ＡＯＫＩホールディングス,小売業,20260930
8217,オークワ,小売業,20260930
8218,コメリ,小売業,20260930
8219,青山商事,小売業,20260930
8225,タカチホ,卸売業,20260930
8226,理経,卸売業,20260930
8227,しまむら,小売業,20260930
8230,はせがわ,小売業,20260930
8233,高島屋,小売業,20260930
8237,松屋,小売業,20260930
8242,エイチ・ツー・オー　リテイリング,小売業,20260930
8244,近鉄百貨店,小売業,20260930
8247,大和,小売業,20260930
8252,丸井グループ,小売業,20260930
8253,クレディセゾン,その他金融業,20260930
8254,さいか屋,小売業,20260930
8255,アクシアル　リテイリング,小売業,20260930
8260,井筒屋,小売業,20260930
8267,イオン,小売業,20260930
8273,イズミ,小売業,20260930
8275,フォーバル,卸売業,20260930
8276,平和堂,小売業,20260930
8278,フジ,小売業,20260930
8281,ゼビオホールディングス,小売業,20260930
8282,ケーズホールディングス,小売業,20260930
8285,三谷産業,卸売業,20260930
8291,日産東京販売ホールディングス,小売業,20260930
8303,ＳＢＩ新生銀行,銀行業,20260930
8304,あおぞら銀行,銀行業,20260930
8306,三菱ＵＦＪフィナンシャル・グループ,銀行業,20260930
8308,りそなホールディングス,銀行業,20260930
8309,三井住友トラストグループ,銀行業,20260930
8316,三井住友フィナンシャルグループ,銀行業,20260930
8331,千葉銀行,銀行業,20260930
8334,群馬銀行,銀行業,20260930
8336,武蔵野銀行,銀行業,20260930
8337,千葉興業銀行,銀行業,20260930
8338,筑波銀行,銀行業,20260930
8341,七十七銀行,銀行業,20260930
8343,秋田銀行,銀行業,20260930
8344,山形銀行,銀行業,20260930
8345,岩手銀行,銀行業,20260930
8346,東邦銀行,銀行業,20260930
8349,東北銀行,銀行業,20260930
8354,ふくおかフィナンシャルグループ,銀行業,20260930
8358,スルガ銀行,銀行業,20260930
8359,八十二長野銀行,銀行業,20260930
8360,山梨中央銀行,銀行業,20260930
8361,大垣共立銀行,銀行業,20260930
8362,福井銀行,銀行業,20260930
8364,清水銀行,銀行業,20260930
8365,富山銀行,銀行業,20260930
8366,滋賀銀行,銀行業,20260930
8367,南都銀行,銀行業,20260930
8368,百五銀行,銀行業,20260930
8370,紀陽銀行,銀行業,20260930
8377,ほくほくフィナンシャルグループ,銀行業,20260930
8381,山陰合同銀行,銀行業,20260930
8383,鳥取銀行,銀行業,20260930
8386,百十四銀行,銀行業,20260930
8387,四国銀行,銀行業,20260930
8388,阿波銀行,銀行業,20260930
8392,大分銀行,銀行業,20260930
8393,宮崎銀行,銀行業,20260930
8395,佐賀銀行,銀行業,20260930
8399,琉球銀行,銀行業,20260930
8410,セブン銀行,銀行業,20260930
8411,みずほフィナンシャルグループ,銀行業,20260930
8416,高知銀行,銀行業,20260930
8418,山口フィナンシャルグループ,銀行業,20260930
8424,芙蓉総合リース,その他金融業,20260930
8425,みずほリース,その他金融業,20260930
8439,東京センチュリー,その他金融業,20260930
8473,ＳＢＩホールディングス,証券、商品先物取引業,20260930
8508,Ｊトラスト,その他金融業,20260930
8511,日本証券金融,その他金融業,20260930
8518,日本アジア投資,証券、商品先物取引業,20260930
8522,名古屋銀行,銀行業,20260930
8524,北洋銀行,銀行業,20260930
8537,大光銀行,銀行業,20260930
8541,愛媛銀行,銀行業,20260930
8542,トマト銀行,銀行業,20260930
8544,京葉銀行,銀行業,20260930
8550,栃木銀行,銀行業,20260930
8551,北日本銀行,銀行業,20260930
8558,東和銀行,銀行業,20260930
8562,福島銀行,銀行業,20260930
8563,大東銀行,銀行業,20260930
8566,リコーリース,その他金融業,20260930
8570,イオンフィナンシャルサービス,その他金融業,20260930
8572,アコム,その他金融業,20260930
8584,ジャックス,その他金融業,20260930
8585,オリエントコーポレーション,その他金融業,20260930
8591,オリックス,その他金融業,20260930
8593,三菱ＨＣキャピタル,その他金融業,20260930
8595,ジャフコ　グループ,証券、商品先物取引業,20260930
8596,九州リースサービス,その他金融業,20260930
8600,トモニホールディングス,銀行業,20260930
8601,大和証券グループ本社,証券、商品先物取引業,20260930
8604,野村ホールディングス,証券、商品先物取引業,20260930
8609,岡三証券グループ,証券、商品先物取引業,20260930
8613,丸三証券,証券、商品先物取引業,20260930
8614,東洋証券,証券、商品先物取引業,20260930
8616,東海東京フィナンシャル・ホールディングス,証券、商品先物取引業,20260930
8617,光世証券,証券、商品先物取引業,20260930
8622,水戸証券,証券、商品先物取引業,20260930
8624,いちよし証券,証券、商品先物取引業,20260930
8628,松井証券,証券、商品先物取引業,20260930
8630,ＳＯＭＰＯホールディングス,保険業,20260930
8697,日本取引所グループ,その他金融業,20260930
8698,マネックスグループ,証券、商品先物取引業,20260930
8699,ＨＳホールディングス,証券、商品先物取引業,20260930
8700,丸八証券,証券、商品先物取引業,20260930
8704,トレイダーズホールディングス,証券、商品先物取引業,20260930
8705,日産証券グループ,証券、商品先物取引業,20260930
8706,極東証券,証券、商品先物取引業,20260930
8707,岩井コスモホールディングス,証券、商品先物取引業,20260930
8708,アイザワ証券グループ,証券、商品先物取引業,20260930
8713,フィデアホールディングス,銀行業,20260930
8714,池田泉州ホールディングス,銀行業,20260930
8715,アニコム　ホールディングス,保険業,20260930
8725,ＭＳ＆ＡＤインシュアランスグループホールディングス,保険業,20260930
8729,ソニーフィナンシャルグループ,保険業,20260930
8737,あかつき本社,証券、商品先物取引業,20260930
8739,スパークス・グループ,証券、商品先物取引業,20260930
8742,小林洋行,証券、商品先物取引業,20260930
8746,ｕｎｂａｎｋｅｄ,証券、商品先物取引業,20260930
8747,豊トラスティ証券,証券、商品先物取引業,20260930
8750,第一ライフグループ,保険業,20260930
8766,東京海上ホールディングス,保険業,20260930
8769,アドバンテッジリスクマネジメント,サービス業,20260930
8771,イー・ギャランティ,その他金融業,20260930
8772,アサックス,その他金融業,20260930
8783,ａｂｃ,その他金融業,20260930
8789,フィンテック　グローバル,その他金融業,20260930
8793,ＮＥＣキャピタルソリューション,その他金融業,20260930
8795,Ｔ＆Ｄホールディングス,保険業,20260930
8798,アドバンスクリエイト,保険業,20260930
8801,三井不動産,不動産業,20260930
8802,三菱地所,不動産業,20260930
8803,平和不動産,不動産業,20260930
8804,東京建物,不動産業,20260930
8818,京阪神ビルディング,不動産業,20260930
8830,住友不動産,不動産業,20260930
8835,太平洋興発,卸売業,20260930
8836,ＲＩＳＥ,不動産業,20260930
8841,テーオーシー,不動産業,20260930
8844,コスモスイニシア,不動産業,20260930
8848,レオパレス２１,不動産業,20260930
8850,スターツコーポレーション,不動産業,20260930
8860,フジ住宅,不動産業,20260930
8864,空港施設,不動産業,20260930
8869,明和地所,不動産業,20260930
8871,ゴールドクレスト,不動産業,20260930
8876,リログループ,サービス業,20260930
8877,エスリード,不動産業,20260930
8881,日神グループホールディングス,不動産業,20260930
8887,シーラホールディングス,不動産業,20260930
8891,ＡＭＧホールディングス,不動産業,20260930
8892,エスコン,不動産業,20260930
8894,ＲＥＶＯＬＵＴＩＯＮ,不動産業,20260930
8897,ＭＩＲＡＲＴＨホールディングス,不動産業,20260930
8898,センチュリー２１・ジャパン,不動産業,20260930
8904,ＡＶＡＮＴＩＡ,不動産業,20260930
8908,毎日コムネット,不動産業,20260930
8912,エリアクエスト,不動産業,20260930
8914,エリアリンク,不動産業,20260930
8917,ファースト住建,不動産業,20260930
8918,ランド,不動産業,20260930
8919,カチタス,不動産業,20260930
8920,東祥,サービス業,20260930
8921,シーズクリエイト,不動産業,20260930
8923,トーセイ,不動産業,20260930
8927,明豊エンタープライズ,不動産業,20260930
8928,穴吹興産,不動産業,20260930
8929,青山財産ネットワークス,不動産業,20260930
8931,和田興産,不動産業,20260930
8934,サンフロンティア不動産,不動産業,20260930
8935,ＦＪネクストホールディングス,不動産業,20260930
8938,グローム・ホールディングス,不動産業,20260930
8944,ランドビジネス,不動産業,20260930
8945,サンネクスタグループ,不動産業,20260930
8946,ＡＳＩＡＮ　ＳＴＡＲ,不動産業,20260930
8995,誠建設工業,不動産業,20260930
8996,ハウスフリーダム,不動産業,20260930
8999,グランディハウス,不動産業,20260930
9001,東武鉄道,陸運業,20260930
9003,相鉄ホールディングス,陸運業,20260930
9005,東急,陸運業,20260930
9006,京浜急行電鉄,陸運業,20260930
9007,小田急電鉄,陸運業,20260930
9008,京王電鉄,陸運業,20260930
9009,京成電鉄,陸運業,20260930
9010,富士急行,陸運業,20260930
9012,秩父鉄道,陸運業,20260930
9017,新潟交通,陸運業,20260930
9020,東日本旅客鉄道,陸運業,20260930
9021,西日本旅客鉄道,陸運業,20260930
9022,東海旅客鉄道,陸運業,20260930
9023,東京地下鉄,陸運業,20260930
9024,西武ホールディングス,陸運業,20260930
9025,鴻池運輸,陸運業,20260930
9028,ゼロ,陸運業,20260930
9029,ヒガシホールディングス,陸運業,20260930
9031,西日本鉄道,陸運業,20260930
9033,広島電鉄,陸運業,20260930
9034,南総通運,陸運業,20260930
9036,東部ネットワーク,陸運業,20260930
9037,ハマキョウレックス,陸運業,20260930
9039,サカイ引越センター,陸運業,20260930
9041,近鉄グループホールディングス,陸運業,20260930
9042,阪急阪神ホールディングス,陸運業,20260930
9044,ＮＡＮＫＡＩ,陸運業,20260930
9045,京阪ホールディングス,陸運業,20260930
9046,神戸電鉄,陸運業,20260930
9048,名古屋鉄道,陸運業,20260930
9049,京福電気鉄道,陸運業,20260930
9051,センコン物流,陸運業,20260930
9052,山陽電気鉄道,陸運業,20260930
9057,遠州トラック,陸運業,20260930
9059,カンダホールディングス,陸運業,20260930
9060,日本ロジテム,陸運業,20260930
9063,岡山県貨物運送,陸運業,20260930
9064,ヤマトホールディングス,陸運業,20260930
9065,山九,陸運業,20260930
9068,丸全昭和運輸,陸運業,20260930
9069,センコーグループホールディングス,陸運業,20260930
9072,ニッコンホールディングス,陸運業,20260930
9073,京極運輸商事,陸運業,20260930
9074,日本石油輸送,陸運業,20260930
9075,福山通運,陸運業,20260930
9076,セイノーホールディングス,陸運業,20260930
9081,神奈川中央交通,陸運業,20260930
9082,大和自動車交通,陸運業,20260930
9083,神姫バス,陸運業,20260930
9087,タカセ,陸運業,20260930
9090,ＡＺ－ＣＯＭ丸和ホールディングス,陸運業,20260930
9101,日本郵船,海運業,20260930
9104,商船三井,海運業,20260930
9107,川崎汽船,海運業,20260930
9110,ＮＳユナイテッド海運,海運業,20260930
9115,明海グループ,海運業,20260930
9119,飯野海運,海運業,20260930
9127,玉井商船,海運業,20260930
9130,共栄タンカー,海運業,20260930
9142,九州旅客鉄道,陸運業,20260930
9143,ＳＧホールディングス,陸運業,20260930
9145,ビーイングホールディングス,陸運業,20260930
9146,五健堂ホールディングス,陸運業,20260930
9147,ＮＩＰＰＯＮ　ＥＸＰＲＥＳＳホールディングス,陸運業,20260930
9149,大友ロジスティクスサービス,陸運業,20260930
9156,はなホールディングス,サービス業,20260930
9158,シーユーシー,サービス業,20260930
9159,Ｗ　ＴＯＫＹＯ,サービス業,20260930
9160,オンザページ,サービス業,20260930
9162,ブリーチ,サービス業,20260930
9163,ナレルグループ,サービス業,20260930
9165,クオルテック,サービス業,20260930
9166,ＧＥＮＤＡ,サービス業,20260930
9168,ライズ・コンサルティング・グループ,サービス業,20260930
9169,大伸社,サービス業,20260930
9171,栗林商船,海運業,20260930
9173,東海汽船,海運業,20260930
9193,東京汽船,倉庫・運輸関連業,20260930
9201,日本航空,空運業,20260930
92015,日本航空株式会社第１回社債型種類株式,空運業,20260930
9202,ＡＮＡホールディングス,空運業,20260930
92025,ＡＮＡホールディングス第１回社債型種類株式,空運業,20260930
9204,スカイマーク,空運業,20260930
9206,スターフライヤー,空運業,20260930
9211,エフ・コード,サービス業,20260930
9212,Ｇｒｅｅｎ　Ｅａｒｔｈ　Ｉｎｓｔｉｔｕｔｅ,サービス業,20260930
9213,セイファート,サービス業,20260930
9214,Ｒｅｃｏｖｅｒｙ　Ｉｎｔｅｒｎａｔｉｏｎａｌ,サービス業,20260930
9215,ＣａＳｙ,サービス業,20260930
9216,ビーウィズ,サービス業,20260930
9218,メンタルヘルステクノロジーズ,サービス業,20260930
9219,ギックス,サービス業,20260930
9220,エフビー介護サービス,サービス業,20260930
9221,フルハシＥＰＯ,サービス業,20260930
9222,ｍａｎａｂｙ,サービス業,20260930
9225,ブリッジコンサルティンググループ,サービス業,20260930
9226,アイガー,サービス業,20260930
9227,マイクロ波化学,サービス業,20260930
9229,サンウェルズ,サービス業,20260930
9233,アジア航測,空運業,20260930
9235,売れるネット広告社グループ,サービス業,20260930
9236,ジャパンＭ＆Ａソリューション,サービス業,20260930
9237,笑美面,サービス業,20260930
9238,バリュークリエーション,サービス業,20260930
9239,ケーイーティ,サービス業,20260930
9240,デリバリーコンサルティング,サービス業,20260930
9241,フューチャーリンクネットワーク,サービス業,20260930
9242,メディア総研,サービス業,20260930
9243,富士テクノホールディングス,サービス業,20260930
9244,デジタリフト,サービス業,20260930
9245,リベロ,サービス業,20260930
9246,プロジェクトホールディングス,サービス業,20260930
9247,ＴＲＥホールディングス,サービス業,20260930
9248,人・夢・技術グループ,サービス業,20260930
9249,日本エコシステム,サービス業,20260930
9250,ＧＲＣＳ,サービス業,20260930
9251,ＡＢ＆Ｃｏｍｐａｎｙ,サービス業,20260930
9252,ラストワンマイル,サービス業,20260930
9253,スローガン,サービス業,20260930
9254,ラバブルマーケティンググループ,サービス業,20260930
9256,サクシード,サービス業,20260930
9257,ＹＣＰホールディングス（グローバル）リミテッド　ＪＤＲ,サービス業,20260930
9258,ＣＳ－Ｃ,サービス業,20260930
9259,タカヨシホールディングス,サービス業,20260930
9262,シルバーライフ,小売業,20260930
9264,ポエック,卸売業,20260930
9265,ヤマシタヘルスケアホールディングス,卸売業,20260930
9267,Ｇｅｎｋｙ　ＤｒｕｇＳｔｏｒｅｓ,小売業,20260930
9268,オプティマスグループ,卸売業,20260930
9270,バリュエンスホールディングス,卸売業,20260930
9271,和心,小売業,20260930
9272,ブティックス,サービス業,20260930
9273,コーア商事ホールディングス,卸売業,20260930
9274,ＫＰＰグループホールディングス,卸売業,20260930
9278,ブックオフグループホールディングス,小売業,20260930
9279,ギフトホールディングス,小売業,20260930
9301,三菱倉庫,倉庫・運輸関連業,20260930
9302,三井倉庫ホールディングス,倉庫・運輸関連業,20260930
9303,住友倉庫,倉庫・運輸関連業,20260930
9304,澁澤倉庫,倉庫・運輸関連業,20260930
9305,ヤマタネ,卸売業,20260930
9306,東陽倉庫,倉庫・運輸関連業,20260930
9307,杉村倉庫,倉庫・運輸関連業,20260930
9308,乾汽船,海運業,20260930
9310,日本トランスシティ,倉庫・運輸関連業,20260930
9311,アサガミ,倉庫・運輸関連業,20260930
9312,ケイヒン,倉庫・運輸関連業,20260930
9313,丸八倉庫,倉庫・運輸関連業,20260930
9319,中央倉庫,倉庫・運輸関連業,20260930
9322,川西倉庫,倉庫・運輸関連業,20260930
9324,安田倉庫,倉庫・運輸関連業,20260930
9325,ファイズホールディングス,倉庫・運輸関連業,20260930
9326,関通ホールディングス,倉庫・運輸関連業,20260930
9327,イー・ロジット,倉庫・運輸関連業,20260930
9330,揚羽,サービス業,20260930
9331,キャスター,サービス業,20260930
9332,ＮＩＳＳＯホールディングス,サービス業,20260930
9334,アイビスホールディングス,サービス業,20260930
9335,テクノクリエイティブ,サービス業,20260930
9336,大栄環境,サービス業,20260930
9337,トリドリ,サービス業,20260930
9339,コーチ・エィ,サービス業,20260930
9340,アソインターナショナル,サービス業,20260930
9341,ＧＥＮＯＶＡ,サービス業,20260930
9342,スマサポ,サービス業,20260930
9343,アイビス,サービス業,20260930
9344,アクシスコンサルティング,サービス業,20260930
9345,ビズメイツ,サービス業,20260930
9346,ココルポート,サービス業,20260930
9347,日本管財ホールディングス,サービス業,20260930
9348,ｉｓｐａｃｅ,サービス業,20260930
9351,東洋埠頭,倉庫・運輸関連業,20260930
9353,櫻島埠頭,倉庫・運輸関連業,20260930
9355,リンコーコーポレーション,倉庫・運輸関連業,20260930
9360,鈴与シンワート,情報・通信業,20260930
9361,伏木海陸運送,倉庫・運輸関連業,20260930
9362,兵機海運,倉庫・運輸関連業,20260930
9363,大運,倉庫・運輸関連業,20260930
9364,上組,倉庫・運輸関連業,20260930
9365,トレーディア,倉庫・運輸関連業,20260930
9366,サンリツ,倉庫・運輸関連業,20260930
9367,大東港運,倉庫・運輸関連業,20260930
9368,キムラユニティー,倉庫・運輸関連業,20260930
9369,キユーソー流通システム,倉庫・運輸関連業,20260930
9376,ユーラシア旅行社,サービス業,20260930
9380,東海運,倉庫・運輸関連業,20260930
9381,エーアイテイー,倉庫・運輸関連業,20260930
9385,ショーエイコーポレーション,化学,20260930
9399,ビート・ホールディングス・リミテッド,情報・通信業,20260930
9401,ＴＢＳホールディングス,情報・通信業,20260930
9404,日本テレビホールディングス,情報・通信業,20260930
9405,朝日放送グループホールディングス,情報・通信業,20260930
9408,ＢＳＮメディアホールディングス,情報・通信業,20260930
9409,テレビ朝日ホールディングス,情報・通信業,20260930
9412,スカパーＪＳＡＴ,情報・通信業,20260930
9413,テレビ東京ホールディングス,情報・通信業,20260930
9414,日本ＢＳ放送,情報・通信業,20260930
9416,ビジョン,情報・通信業,20260930
9417,スマートバリュー,情報・通信業,20260930
9418,Ｕ－ＮＥＸＴ　ＨＯＬＤＩＮＧＳ,情報・通信業,20260930
9419,ワイヤレスゲート,情報・通信業,20260930
9421,エヌジェイホールディングス,情報・通信業,20260930
9423,フォーバル・リアルストレート,情報・通信業,20260930
9424,日本通信,情報・通信業,20260930
9425,ＲｅＹｕｕ　Ｊａｐａｎ,情報・通信業,20260930
9428,クロップス,情報・通信業,20260930
9432,ＮＴＴ,情報・通信業,20260930
9433,ＫＤＤＩ,情報・通信業,20260930
9434,ソフトバンク,情報・通信業,20260930
94345,ソフトバンク第１回社債型種類株式,情報・通信業,20260930
94346,ソフトバンク第２回社債型種類株式,情報・通信業,20260930
9435,光通信,情報・通信業,20260930
9436,沖縄セルラー電話,情報・通信業,20260930
9438,エムティーアイ,情報・通信業,20260930
9439,エム・エイチ・グループ,サービス業,20260930
9441,ベルパーク,情報・通信業,20260930
9444,トーシンホールディングス,情報・通信業,20260930
9445,フォーバルテレコム,情報・通信業,20260930
9446,サカイホールディングス,情報・通信業,20260930
9449,ＧＭＯインターネットグループ,情報・通信業,20260930
9450,ファイバーゲート,情報・通信業,20260930
9466,アイドママーケティングコミュニケーション,情報・通信業,20260930
9467,アルファポリス,情報・通信業,20260930
9468,ＫＡＤＯＫＡＷＡ,情報・通信業,20260930
9470,学研ホールディングス,情報・通信業,20260930
9474,ゼンリン,情報・通信業,20260930
9475,昭文社ホールディングス,情報・通信業,20260930
9476,中央経済社ホールディングス,情報・通信業,20260930
9478,ＳＥホールディングス・アンド・インキュベーションズ,情報・通信業,20260930
9501,東京電力ホールディングス,電気・ガス業,20260930
9502,中部電力,電気・ガス業,20260930
9503,関西電力,電気・ガス業,20260930
9504,中国電力,電気・ガス業,20260930
9505,北陸電力,電気・ガス業,20260930
9506,東北電力,電気・ガス業,20260930
9507,四国電力,電気・ガス業,20260930
9509,北海道電力,電気・ガス業,20260930
9511,沖縄電力,電気・ガス業,20260930
9513,電源開発,電気・ガス業,20260930
9514,エフオン,電気・ガス業,20260930
9517,イーレックス,電気・ガス業,20260930
9519,レノバ,電気・ガス業,20260930
9531,東京瓦斯,電気・ガス業,20260930
9532,大阪瓦斯,電気・ガス業,20260930
9533,東邦瓦斯,電気・ガス業,20260930
9534,北海道瓦斯,電気・ガス業,20260930
9535,広島ガス,電気・ガス業,20260930
9536,西部ガスホールディングス,電気・ガス業,20260930
9537,北陸瓦斯,電気・ガス業,20260930
9539,京葉瓦斯,電気・ガス業,20260930
9543,静岡ガス,電気・ガス業,20260930
9551,メタウォーター,電気・ガス業,20260930
9552,クオンツ総研ホールディングス,サービス業,20260930
9553,マイクロアド,サービス業,20260930
9554,ＡＶｉＣ,サービス業,20260930
9556,ＩＮＴＬＯＯＰ,サービス業,20260930
9557,エアークローゼット,サービス業,20260930
9558,ジャパニアス,サービス業,20260930
9560,プログリット,サービス業,20260930
9561,グラッドキューブ,サービス業,20260930
9562,ビジネスコーチ,サービス業,20260930
9563,Ａｔｌａｓ　Ｔｅｃｈｎｏｌｏｇｉｅｓ,サービス業,20260930
9564,ＦＣＥ,サービス業,20260930
9565,ＧＬＯＥ,サービス業,20260930
9601,松竹,情報・通信業,20260930
9602,東宝,情報・通信業,20260930
9603,エイチ・アイ・エス,サービス業,20260930
9605,東映,情報・通信業,20260930
9610,ウィルソン・ラーニング　ワールドワイド,サービス業,20260930
9612,ラックランド,サービス業,20260930
9616,共立メンテナンス,サービス業,20260930
9619,イチネンホールディングス,サービス業,20260930
9621,建設技術研究所,サービス業,20260930
9622,スペース,サービス業,20260930
9625,セレスポ,サービス業,20260930
9627,アインホールディングス,小売業,20260930
9628,燦ホールディングス,サービス業,20260930
9629,ピー・シー・エー,情報・通信業,20260930
9632,スバル興業,サービス業,20260930
9633,東京テアトル,不動産業,20260930
9635,武蔵野興業,サービス業,20260930
9636,きんえい,サービス業,20260930
9639,三協フロンテア,サービス業,20260930
9640,セゾンテクノロジー,情報・通信業,20260930
9644,タナベコンサルティンググループ,サービス業,20260930
9647,協和コンサルタンツ,サービス業,20260930
9651,日本プロセス,情報・通信業,20260930
9656,グリーンランドリゾート,サービス業,20260930
9658,ビジネスブレイン太田昭和,情報・通信業,20260930
9661,歌舞伎座,サービス業,20260930
9663,ナガワ,サービス業,20260930
9672,東京都競馬,サービス業,20260930
9678,カナモト,サービス業,20260930
9679,ホウライ,サービス業,20260930
9682,ＤＴＳ,情報・通信業,20260930
9684,スクウェア・エニックス・ホールディングス,情報・通信業,20260930
9685,ＫＹＣＯＭホールディングス,情報・通信業,20260930
9686,東洋テック,サービス業,20260930
9687,ＫＳＫ,情報・通信業,20260930
9691,両毛システムズ,情報・通信業,20260930
9692,シーイーシー,情報・通信業,20260930
9697,カプコン,情報・通信業,20260930
9698,クレオ,情報・通信業,20260930
9699,ニシオホールディングス,サービス業,20260930
9701,東京會舘,サービス業,20260930
9702,アイ・エス・ビー,情報・通信業,20260930
9704,アゴーラ　ホスピタリティー　グループ,サービス業,20260930
9706,日本空港ビルデング,不動産業,20260930
9708,帝国ホテル,サービス業,20260930
9709,ＮＣＳ＆Ａ,情報・通信業,20260930
9713,ロイヤルホテル,サービス業,20260930
9715,トランス・コスモス,サービス業,20260930
9716,乃村工藝社,サービス業,20260930
9720,ホテル、ニューグランド,サービス業,20260930
9722,藤田観光,サービス業,20260930
9723,京都ホテル,サービス業,20260930
9726,ＫＮＴ－ＣＴホールディングス,サービス業,20260930
9729,トーカイ,サービス業,20260930
9731,白洋舎,サービス業,20260930
9733,ナガセ,サービス業,20260930
9735,セコム,サービス業,20260930
9739,ＮＳＷ,情報・通信業,20260930
9740,セントラル警備保障,サービス業,20260930
9742,アイネス,情報・通信業,20260930
9743,丹青社,サービス業,20260930
9744,メイテックグループホールディングス,サービス業,20260930
9746,ＴＫＣ,情報・通信業,20260930
9753,アイエックス・ナレッジ,情報・通信業,20260930
9755,応用地質,サービス業,20260930
9757,船井総研ホールディングス,サービス業,20260930
9759,ＮＳＤ,情報・通信業,20260930
9760,進学会ホールディングス,サービス業,20260930
9761,東海リース,サービス業,20260930
9763,丸建リース,卸売業,20260930
9765,オオバ,サービス業,20260930
9766,コナミグループ,情報・通信業,20260930
9767,日建工学,サービス業,20260930
9768,いであ,サービス業,20260930
9769,学究社,サービス業,20260930
9778,昴,サービス業,20260930
9780,ハリマビステム,サービス業,20260930
9782,ディーエムエス,サービス業,20260930
9788,ナック,サービス業,20260930
9790,福井コンピュータホールディングス,情報・通信業,20260930
9791,ビケンテクノ,サービス業,20260930
9793,ダイセキ,サービス業,20260930
9795,ステップ,サービス業,20260930
9799,旭情報サービス,情報・通信業,20260930
9812,テーオーホールディングス,小売業,20260930
9816,ストライダーズ,不動産業,20260930
9818,大丸エナウィン,卸売業,20260930
9820,エムティジェネックス,不動産業,20260930
9823,マミーマートホールディングス,小売業,20260930
9824,泉州電業,卸売業,20260930
9827,リリカラ,卸売業,20260930
9828,Ｇｅｎｋｉ　Ｇｌｏｂａｌ　Ｄｉｎｉｎｇ　Ｃｏｎｃｅｐｔｓ,小売業,20260930
9830,トラスコ中山,卸売業,20260930
9831,ヤマダホールディングス,小売業,20260930
9832,オートバックスセブン,卸売業,20260930
9835,ジュンテンドー,小売業,20260930
9837,モリト,卸売業,20260930
9842,アークランズ,小売業,20260930
9843,ニトリホールディングス,小売業,20260930
9845,パーカーコーポレーション,化学,20260930
9846,天満屋ストア,小売業,20260930
9849,共同紙販ホールディングス,卸売業,20260930
9850,グルメ杵屋,小売業,20260930
9853,銀座ルノアール,小売業,20260930
9854,愛眼,小売業,20260930
9856,ケーユーホールディングス,小売業,20260930
9857,英和,卸売業,20260930
9861,吉野家ホールディングス,小売業,20260930
9867,ソレキア,卸売業,20260930
9869,加藤産業,卸売業,20260930
9872,北恵,卸売業,20260930
9876,コックス,小売業,20260930
9878,セキド,小売業,20260930
9880,イノテック,電気機器,20260930
9882,イエローハット,卸売業,20260930
9885,シャルレ,卸売業,20260930
9887,松屋フーズホールディングス,小売業,20260930
9888,ＵＥＸ,卸売業,20260930
9889,ＪＢＣＣホールディングス,情報・通信業,20260930
9890,マキヤ,小売業,20260930
9895,コンセック,卸売業,20260930
9896,ＪＫホールディングス,卸売業,20260930
9900,サガミホールディングス,小売業,20260930
9902,日伝,卸売業,20260930
9903,カンセキ,小売業,20260930
9904,ベリテ,小売業,20260930
9906,藤井産業,卸売業,20260930
9908,日本電計,卸売業,20260930
9913,日邦産業,卸売業,20260930
9928,ミロク情報サービス,情報・通信業,20260930
9929,平和紙業,卸売業,20260930
9930,北沢産業,卸売業,20260930
9932,杉本商事,卸売業,20260930
9934,因幡電機産業,卸売業,20260930
9936,王将フードサービス,小売業,20260930
9941,太洋物産,卸売業,20260930
9946,ミニストップ,小売業,20260930
9948,アークス,小売業,20260930
9950,ハチバン,小売業,20260930
9955,ヨンキュウ,卸売業,20260930
9956,バローホールディングス,小売業,20260930
9959,アシードホールディングス,小売業,20260930
9960,東テク,卸売業,20260930
9962,ミスミグループ本社,卸売業,20260930
9969,ショクブン,小売業,20260930
9972,アルテック,卸売業,20260930
9973,ＫＯＺＯホールディングス,小売業,20260930
9974,ベルク,小売業,20260930
9976,セキチュー,小売業,20260930
9978,文教堂グループホールディングス,小売業,20260930
9979,大庄,小売業,20260930
9980,ＭＲＫホールディングス,小売業,20260930
9982,タキヒヨー,卸売業,20260930
9983,ファーストリテイリング,小売業,20260930
9984,ソフトバンクグループ,情報・通信業,20260930
9986,蔵王産業,卸売業,20260930
9987,スズケン,卸売業,20260930
9989,サンドラッグ,小売業,20260930
9990,サックスバー　ホールディングス,小売業,20260930
9991,ジェコス,卸売業,20260930
9993,ヤマザワ,小売業,20260930
9994,やまや,小売業,20260930
9996,サトー商会,卸売業,20260930
9997,ベルーナ,小売業,20260930
